series_animedb_id,series_title,series_type,series_episodes,my_id,my_watched_episodes,my_start_date,my_finish_date,my_rated,my_score,my_storage,my_storage_value,my_status,my_comments,my_times_watched,my_rewatch_value,my_priority,my_tags,my_rewatching,my_rewatching_ep,my_discuss,my_sns,update_on_import
6408,"""Bungaku Shoujo"" Movie",Movie,1,0,0,0000-00-00,0000-00-00,,0,,0.00,plan_to_watch,,0,,LOW,,0,0,1,default,0
41380,100-man no Inochi no Ue ni Ore wa Tatteiru,TV,12,0,0,0000-00-00,0000-00-00,,6,,0.00,Watching,,0,,LOW,,0,0,1,default,0
40679,2.43: Seiin Koukou Danshi Volley-bu,TV,0,0,0,0000-00-00,0000-00-00,,0,,0.00,plan_to_watch,,0,,LOW,,0,0,1,default,0
40148,22/7,TV,12,0,0,0000-00-00,0000-00-00,,0,,0.00,plan_to_watch,,0,,LOW,,0,0,1,default,0
31646,3-gatsu no Lion,TV,22,0,0,0000-00-00,0000-00-00,,0,,0.00,plan_to_watch,,0,,LOW,,0,0,1,default,0
36793,3D Kanojo: Real Girl,TV,12,0,0,0000-00-00,0000-00-00,,0,,0.00,plan_to_watch,,0,,LOW,,0,0,1,default,0
38101,5-toubun no Hanayome,TV,12,0,0,0000-00-00,0000-00-00,,0,,0.00,plan_to_watch,,0,,LOW,,0,0,1,default,0
38735,7 Seeds,ONA,12,0,0,0000-00-00,0000-00-00,,0,,0.00,plan_to_watch,,0,,LOW,,0,0,1,default,0
32998,91 Days,TV,12,0,0,0000-00-00,0000-00-00,,0,,0.00,plan_to_watch,,0,,LOW,,0,0,1,default,0
39790,Adachi to Shimamura,TV,12,0,0,0000-00-00,0000-00-00,,8,,0.00,Watching,,0,,LOW,,0,0,1,default,0
1292,Afro Samurai,TV,5,0,0,0000-00-00,0000-00-00,,0,,0.00,plan_to_watch,,0,,LOW,,0,0,1,default,0
32977,Aggressive Retsuko,TV,100,0,0,0000-00-00,0000-00-00,,0,,0.00,plan_to_watch,,0,,LOW,,0,0,1,default,0
37403,Ahiru no Sora,TV,50,0,0,0000-00-00,0000-00-00,,0,,0.00,plan_to_watch,,0,,LOW,,0,0,1,default,0
34881,Aho Girl,TV,12,0,0,0000-00-00,0000-00-00,,0,,0.00,plan_to_watch,,0,,LOW,,0,0,1,default,0
101,Air,TV,12,0,0,0000-00-00,0000-00-00,,0,,0.00,plan_to_watch,,0,,LOW,,0,0,1,default,0
47,Akira,Movie,1,0,0,0000-00-00,0000-00-00,,0,,0.00,plan_to_watch,,0,,LOW,,0,0,1,default,0
36864,Akkun to Kanojo,TV,25,0,0,0000-00-00,0000-00-00,,0,,0.00,plan_to_watch,,0,,LOW,,0,0,1,default,0
16201,Aku no Hana,TV,13,0,0,0000-00-00,0000-00-00,,0,,0.00,plan_to_watch,,0,,LOW,,0,0,1,default,0
41433,Akudama Drive,TV,12,0,0,0000-00-00,0000-00-00,,9,,0.00,Watching,,0,,LOW,,0,0,1,default,0
22729,Aldnoah.Zero,TV,12,0,0,0000-00-00,0000-00-00,,0,,0.00,plan_to_watch,,0,,LOW,,0,0,1,default,0
34350,Alice to Zouroku,TV,12,0,0,0000-00-00,0000-00-00,,0,,0.00,plan_to_watch,,0,,LOW,,0,0,1,default,0
8676,Amagami SS,TV,25,0,0,0000-00-00,0000-00-00,,0,,0.00,plan_to_watch,,0,,LOW,,0,0,1,default,0
22147,Amagi Brilliant Park,TV,13,0,0,0000-00-00,0000-00-00,,0,,0.00,plan_to_watch,,0,,LOW,,0,0,1,default,0
42344,"Ame wo Matsu,",Music,1,0,0,0000-00-00,0000-00-00,,0,,0.00,plan_to_watch,,0,,LOW,,0,0,1,default,0
6547,Angel Beats!,TV,13,0,0,0000-00-00,0000-00-00,,0,,0.00,plan_to_watch,,0,,LOW,,0,0,1,default,0
35834,Angolmois: Genkou Kassenki,TV,12,0,0,0000-00-00,0000-00-00,,0,,0.00,plan_to_watch,,0,,LOW,,0,0,1,default,0
9989,Ano Hi Mita Hana no Namae wo Bokutachi wa Mada Shiranai.,TV,11,0,0,0000-00-00,0000-00-00,,0,,0.00,plan_to_watch,,0,,LOW,,0,0,1,default,0
11433,Ano Natsu de Matteru,TV,12,0,0,0000-00-00,0000-00-00,,0,,0.00,plan_to_watch,,0,,LOW,,0,0,1,default,0
11111,Another,TV,12,0,0,0000-00-00,0000-00-00,,0,,0.00,plan_to_watch,,0,,LOW,,0,0,1,default,0
24833,Ansatsu Kyoushitsu,TV,22,0,22,0000-00-00,0000-00-00,,9,,0.00,Completed,,0,,LOW,,0,0,1,default,0
30654,Ansatsu Kyoushitsu 2nd Season,TV,25,0,25,0000-00-00,0000-00-00,,9,,0.00,Completed,,0,,LOW,,0,0,1,default,0
32863,Ansatsu Kyoushitsu 2nd Season: Kagaijugyou-hen,ONA,8,0,8,0000-00-00,0000-00-00,,8,,0.00,Completed,,0,,LOW,,0,0,1,default,0
33513,Ansatsu Kyoushitsu: 365-nichi no Jikan,Movie,1,0,0,0000-00-00,0000-00-00,,0,,0.00,plan_to_watch,,0,,LOW,,0,0,1,default,0
28405,Ansatsu Kyoushitsu: Deai no Jikan,Special,1,0,1,0000-00-00,0000-00-00,,8,,0.00,Completed,,0,,LOW,,0,0,1,default,0
21995,Ao Haru Ride,TV,12,0,0,0000-00-00,0000-00-00,,0,,0.00,plan_to_watch,,0,,LOW,,0,0,1,default,0
9919,Ao no Exorcist,TV,25,0,0,0000-00-00,0000-00-00,,0,,0.00,plan_to_watch,,0,,LOW,,0,0,1,default,0
28391,Ao no Kanata no Four Rhythm,TV,12,0,0,0000-00-00,0000-00-00,,0,,0.00,plan_to_watch,,0,,LOW,,0,0,1,default,0
7193,Aoi Bungaku Series,TV,12,0,0,0000-00-00,0000-00-00,,0,,0.00,plan_to_watch,,0,,LOW,,0,0,1,default,0
40532,Appare-Ranman!,TV,13,0,13,0000-00-00,0000-00-00,,8,,0.00,Completed,,0,,LOW,,0,0,1,default,0
38753,Araburu Kisetsu no Otome-domo yo.,TV,12,0,0,0000-00-00,0000-00-00,,0,,0.00,plan_to_watch,,0,,LOW,,0,0,1,default,0
7647,Arakawa Under the Bridge,TV,13,0,0,0000-00-00,0000-00-00,,0,,0.00,plan_to_watch,,0,,LOW,,0,0,1,default,0
3297,Aria the Origination,TV,13,0,0,0000-00-00,0000-00-00,,0,,0.00,plan_to_watch,,0,,LOW,,0,0,1,default,0
40128,Arte,TV,12,0,0,0000-00-00,0000-00-00,,0,,0.00,plan_to_watch,,0,,LOW,,0,0,1,default,0
2402,Ashita no Joe,TV,79,0,0,0000-00-00,0000-00-00,,0,,0.00,plan_to_watch,,0,,LOW,,0,0,1,default,0
37171,Asobi Asobase,TV,12,0,0,0000-00-00,0000-00-00,,0,,0.00,plan_to_watch,,0,,LOW,,0,0,1,default,0
7817,B-gata H-kei,TV,12,0,0,0000-00-00,0000-00-00,,0,,0.00,plan_to_watch,,0,,LOW,,0,0,1,default,0
32827,B: The Beginning,ONA,12,0,0,0000-00-00,0000-00-00,,0,,0.00,plan_to_watch,,0,,LOW,,0,0,1,default,0
21185,Baby Steps,TV,25,0,0,0000-00-00,0000-00-00,,0,,0.00,plan_to_watch,,0,,LOW,,0,0,1,default,0
37525,Babylon,TV,12,0,0,0000-00-00,0000-00-00,,0,,0.00,plan_to_watch,,0,,LOW,,0,0,1,default,0
2251,Baccano!,TV,13,0,0,0000-00-00,0000-00-00,,0,,0.00,plan_to_watch,,0,,LOW,,0,0,1,default,0
6347,Baka to Test to Shoukanjuu,TV,13,0,0,0000-00-00,0000-00-00,,0,,0.00,plan_to_watch,,0,,LOW,,0,0,1,default,0
5081,Bakemonogatari,TV,15,0,0,0000-00-00,0000-00-00,,0,,0.00,plan_to_watch,,0,,LOW,,0,0,1,default,0
34443,Baki,ONA,26,0,0,0000-00-00,0000-00-00,,0,,0.00,plan_to_watch,,0,,LOW,,0,0,1,default,0
7674,Bakuman.,TV,25,0,0,0000-00-00,0000-00-00,,0,,0.00,plan_to_watch,,0,,LOW,,0,0,1,default,0
34636,Ballroom e Youkoso,TV,24,0,0,0000-00-00,0000-00-00,,0,,0.00,plan_to_watch,,0,,LOW,,0,0,1,default,0
36649,Banana Fish,TV,24,0,0,0000-00-00,0000-00-00,,0,,0.00,plan_to_watch,,0,,LOW,,0,0,1,default,0
22789,Barakamon,TV,12,0,0,0000-00-00,0000-00-00,,0,,0.00,plan_to_watch,,0,,LOW,,0,0,1,default,0
4094,Batman: Gotham Knight,OVA,6,0,0,0000-00-00,0000-00-00,,0,,0.00,plan_to_watch,,0,,LOW,,0,0,1,default,0
579,Battle Programmer Shirase,TV,15,0,0,0000-00-00,0000-00-00,,0,,0.00,plan_to_watch,,0,,LOW,,0,0,1,default,0
39195,Beastars,TV,12,0,12,0000-00-00,0000-00-00,,9,,0.00,Completed,,0,,LOW,,0,0,1,default,0
20787,Black Bullet,TV,13,0,0,0000-00-00,0000-00-00,,0,,0.00,plan_to_watch,,0,,LOW,,0,0,1,default,0
34572,Black Clover,TV,0,0,0,0000-00-00,0000-00-00,,5,,0.00,Watching,,0,,LOW,,0,0,1,default,0
889,Black Lagoon,TV,12,0,0,0000-00-00,0000-00-00,,0,,0.00,plan_to_watch,,0,,LOW,,0,0,1,default,0
34618,Blend S,TV,12,0,0,0000-00-00,0000-00-00,,0,,0.00,plan_to_watch,,0,,LOW,,0,0,1,default,0
11633,Blood Lad,TV,10,0,0,0000-00-00,0000-00-00,,0,,0.00,plan_to_watch,,0,,LOW,,0,0,1,default,0
40060,BNA,ONA,12,0,12,0000-00-00,0000-00-00,,7,,0.00,Completed,,0,,LOW,,0,0,1,default,0
31043,Boku dake ga Inai Machi,TV,12,0,12,0000-00-00,0000-00-00,,10,,0.00,Completed,,0,,LOW,,0,0,1,default,0
31964,Boku no Hero Academia,TV,13,0,0,0000-00-00,0000-00-00,,0,,0.00,plan_to_watch,,0,,LOW,,0,0,1,default,0
35712,Boku no Kanojo ga Majimesugiru Sho-bitch na Ken,TV,10,0,0,0000-00-00,0000-00-00,,0,,0.00,plan_to_watch,,0,,LOW,,0,0,1,default,0
36542,Boku wa Robot-goshi no Kimi ni Koi wo Suru,Special,1,0,0,0000-00-00,0000-00-00,,0,,0.00,plan_to_watch,,0,,LOW,,0,0,1,default,0
1222,Bokura ga Ita,TV,26,0,0,0000-00-00,0000-00-00,,0,,0.00,plan_to_watch,,0,,LOW,,0,0,1,default,0
1690,Bokura no,TV,24,0,0,0000-00-00,0000-00-00,,0,,0.00,plan_to_watch,,0,,LOW,,0,0,1,default,0
21405,Bokura wa Minna Kawai-sou,TV,12,0,0,0000-00-00,0000-00-00,,0,,0.00,plan_to_watch,,0,,LOW,,0,0,1,default,0
38186,Bokutachi wa Benkyou ga Dekinai,TV,13,0,0,0000-00-00,0000-00-00,,0,,0.00,plan_to_watch,,0,,LOW,,0,0,1,default,0
34566,Boruto: Naruto Next Generations,TV,0,0,0,0000-00-00,0000-00-00,,4,,0.00,Watching,,0,,LOW,,0,0,1,default,0
28755,Boruto: Naruto the Movie,Movie,1,0,1,0000-00-00,0000-00-00,,8,,0.00,Completed,,0,,LOW,,0,0,1,default,0
14345,Btooom!,TV,12,0,0,0000-00-00,0000-00-00,,0,,0.00,plan_to_watch,,0,,LOW,,0,0,1,default,0
31478,Bungou Stray Dogs,TV,12,0,0,0000-00-00,0000-00-00,,0,,0.00,plan_to_watch,,0,,LOW,,0,0,1,default,0
41468,Burn the Witch,Movie,3,0,3,0000-00-00,0000-00-00,,8,,0.00,Completed,,0,,LOW,,0,0,1,default,0
1689,Byousoku 5 Centimeter,Movie,3,0,0,0000-00-00,0000-00-00,,0,,0.00,plan_to_watch,,0,,LOW,,0,0,1,default,0
5356,Canaan,TV,13,0,0,0000-00-00,0000-00-00,,0,,0.00,plan_to_watch,,0,,LOW,,0,0,1,default,0
388,Capeta,TV,52,0,0,0000-00-00,0000-00-00,,0,,0.00,plan_to_watch,,0,,LOW,,0,0,1,default,0
37435,Carole & Tuesday,TV,24,0,0,0000-00-00,0000-00-00,,0,,0.00,plan_to_watch,,0,,LOW,,0,0,1,default,0
28999,Charlotte,TV,13,0,13,0000-00-00,0000-00-00,,8,,0.00,Completed,,0,,LOW,,0,0,1,default,0
31553,Charlotte: Tsuyoimono-tachi,Special,1,0,1,0000-00-00,0000-00-00,,8,,0.00,Completed,,0,,LOW,,0,0,1,default,0
30485,ChäoS;Child,TV,12,0,0,0000-00-00,0000-00-00,,0,,0.00,plan_to_watch,,0,,LOW,,0,0,1,default,0
4975,ChäoS;HEAd,TV,12,0,0,0000-00-00,0000-00-00,,0,,0.00,plan_to_watch,,0,,LOW,,0,0,1,default,0
10800,Chihayafuru,TV,25,0,0,0000-00-00,0000-00-00,,0,,0.00,plan_to_watch,,0,,LOW,,0,0,1,default,0
35821,Chio-chan no Tsuugakuro,TV,12,0,0,0000-00-00,0000-00-00,,0,,0.00,plan_to_watch,,0,,LOW,,0,0,1,default,0
59,Chobits,TV,26,0,0,0000-00-00,0000-00-00,,0,,0.00,plan_to_watch,,0,,LOW,,0,0,1,default,0
14741,Chuunibyou demo Koi ga Shitai!,TV,12,0,0,0000-00-00,0000-00-00,,0,,0.00,plan_to_watch,,0,,LOW,,0,0,1,default,0
39175,Cider no You ni Kotoba ga Wakiagaru,Movie,1,0,0,0000-00-00,0000-00-00,,0,,0.00,plan_to_watch,,0,,LOW,,0,0,1,default,0
34382,Citrus,TV,12,0,0,0000-00-00,0000-00-00,,0,,0.00,plan_to_watch,,0,,LOW,,0,0,1,default,0
2167,Clannad,TV,23,0,0,0000-00-00,0000-00-00,,0,,0.00,plan_to_watch,,0,,LOW,,0,0,1,default,0
1818,Claymore,TV,26,0,0,0000-00-00,0000-00-00,,0,,0.00,plan_to_watch,,0,,LOW,,0,0,1,default,0
1575,Code Geass: Hangyaku no Lelouch,TV,25,0,0,0000-00-00,0000-00-00,,0,,0.00,plan_to_watch,,0,,LOW,,0,0,1,default,0
11703,Code:Breaker,TV,13,0,0,0000-00-00,0000-00-00,,0,,0.00,plan_to_watch,,0,,LOW,,0,0,1,default,0
8142,Colorful (Movie),Movie,1,0,0,0000-00-00,0000-00-00,,0,,0.00,plan_to_watch,,0,,LOW,,0,0,1,default,0
42317,Cosmos Trailer,ONA,1,0,0,0000-00-00,0000-00-00,,0,,0.00,plan_to_watch,,0,,LOW,,0,0,1,default,0
1,Cowboy Bebop,TV,26,0,0,0000-00-00,0000-00-00,,0,,0.00,plan_to_watch,,0,,LOW,,0,0,1,default,0
5941,Cross Game,TV,50,0,0,0000-00-00,0000-00-00,,0,,0.00,plan_to_watch,,0,,LOW,,0,0,1,default,0
22839,Cross Road,Special,1,0,1,0000-00-00,0000-00-00,,8,,0.00,Completed,,2,,LOW,,1,0,1,default,0
42310,Cyberpunk: Edgerunners,ONA,10,0,0,0000-00-00,0000-00-00,,0,,0.00,plan_to_watch,,0,,LOW,,0,0,1,default,0
1482,D.Gray-man,TV,103,0,0,0000-00-00,0000-00-00,,0,,0.00,plan_to_watch,,0,,LOW,,0,0,1,default,0
31636,Dagashi Kashi,TV,12,0,0,0000-00-00,0000-00-00,,0,,0.00,plan_to_watch,,0,,LOW,,0,0,1,default,0
16592,Danganronpa: Kibou no Gakuen to Zetsubou no Koukousei The Animation,TV,13,0,0,0000-00-00,0000-00-00,,0,,0.00,plan_to_watch,,0,,LOW,,0,0,1,default,0
11843,Danshi Koukousei no Nichijou,TV,12,0,0,0000-00-00,0000-00-00,,0,,0.00,plan_to_watch,,0,,LOW,,0,0,1,default,0
8915,Dantalian no Shoka,TV,12,0,0,0000-00-00,0000-00-00,,0,,0.00,plan_to_watch,,0,,LOW,,0,0,1,default,0
17121,Dareka no Manazashi,Movie,1,0,1,0000-00-00,0000-00-00,,8,,0.00,Completed,,0,,LOW,,0,0,1,default,0
2025,Darker than Black: Kuro no Keiyakusha,TV,25,0,0,0000-00-00,0000-00-00,,0,,0.00,plan_to_watch,,0,,LOW,,0,0,1,default,0
35849,Darling in the FranXX,TV,24,0,0,0000-00-00,0000-00-00,,0,,0.00,plan_to_watch,,0,,LOW,,0,0,1,default,0
6880,Deadman Wonderland,TV,12,0,0,0000-00-00,0000-00-00,,0,,0.00,plan_to_watch,,0,,LOW,,0,0,1,default,0
14353,Death Billiards,Movie,1,0,1,0000-00-00,0000-00-00,,9,,0.00,Completed,,0,,LOW,,0,0,1,default,0
1535,Death Note,TV,37,0,37,0000-00-00,0000-00-00,,10,,0.00,Completed,,0,,LOW,,0,0,1,default,0
2994,Death Note: Rewrite,Special,2,0,0,0000-00-00,0000-00-00,,0,,0.00,plan_to_watch,,0,,LOW,,0,0,1,default,0
28223,Death Parade,TV,12,0,12,0000-00-00,0000-00-00,,10,,0.00,Completed,,0,,LOW,,0,0,1,default,0
40056,Deca-Dence,TV,12,0,12,0000-00-00,0000-00-00,,8,,0.00,Completed,,0,,LOW,,0,0,1,default,0
33988,Demi-chan wa Kataritai,TV,12,0,0,0000-00-00,0000-00-00,,0,,0.00,plan_to_watch,,0,,LOW,,0,0,1,default,0
2164,Dennou Coil,TV,26,0,0,0000-00-00,0000-00-00,,0,,0.00,plan_to_watch,,0,,LOW,,0,0,1,default,0
5177,Denpa-teki na Kanojo,OVA,2,0,0,0000-00-00,0000-00-00,,0,,0.00,plan_to_watch,,0,,LOW,,0,0,1,default,0
235,Detective Conan,TV,0,0,0,0000-00-00,0000-00-00,,0,,0.00,plan_to_watch,,0,,LOW,,0,0,1,default,0
2252,Devilman,TV,39,0,0,0000-00-00,0000-00-00,,0,,0.00,plan_to_watch,,0,,LOW,,0,0,1,default,0
35120,Devilman: Crybaby,ONA,10,0,0,0000-00-00,0000-00-00,,0,,0.00,plan_to_watch,,0,,LOW,,0,0,1,default,0
31163,Dimension W,TV,12,0,0,0000-00-00,0000-00-00,,0,,0.00,plan_to_watch,,0,,LOW,,0,0,1,default,0
42571,Dogeza de Tanondemita,TV,12,0,0,0000-00-00,0000-00-00,,0,,0.00,plan_to_watch,,0,,LOW,,0,0,1,default,0
37982,Domestic na Kanojo,TV,12,0,0,0000-00-00,0000-00-00,,0,,0.00,plan_to_watch,,0,,LOW,,0,0,1,default,0
38668,Dorohedoro,TV,12,0,0,0000-00-00,0000-00-00,,0,,0.00,plan_to_watch,,0,,LOW,,0,0,1,default,0
37520,Dororo,TV,24,0,0,0000-00-00,0000-00-00,,0,,0.00,plan_to_watch,,0,,LOW,,0,0,1,default,0
30346,Doukyuusei (Movie),Movie,1,0,0,0000-00-00,0000-00-00,,0,,0.00,plan_to_watch,,0,,LOW,,0,0,1,default,0
40747,Dounika Naru Hibi,Movie,1,0,0,0000-00-00,0000-00-00,,0,,0.00,plan_to_watch,,0,,LOW,,0,0,1,default,0
38691,Dr. Stone,TV,24,0,24,0000-00-00,0000-00-00,,8,,0.00,Completed,,0,,LOW,,0,0,1,default,0
31339,Drifters,TV,12,0,0,0000-00-00,0000-00-00,,0,,0.00,plan_to_watch,,0,,LOW,,0,0,1,default,0
3230,Druaga no Tou: The Aegis of Uruk,TV,12,0,0,0000-00-00,0000-00-00,,0,,0.00,plan_to_watch,,0,,LOW,,0,0,1,default,0
39026,Dumbbell Nan Kilo Moteru?,TV,12,0,12,0000-00-00,0000-00-00,,7,,0.00,Watching,,0,,LOW,,0,0,1,default,0
28121,Dungeon ni Deai wo Motomeru no wa Machigatteiru Darou ka,TV,13,0,0,0000-00-00,0000-00-00,,0,,0.00,plan_to_watch,,0,,LOW,,0,0,1,default,0
6746,Durarara!!,TV,24,0,0,0000-00-00,0000-00-00,,0,,0.00,plan_to_watch,,0,,LOW,,0,0,1,default,0
42192,Edens Zero,TV,0,0,0,0000-00-00,0000-00-00,,0,,0.00,plan_to_watch,,0,,LOW,,0,0,1,default,0
2924,ef: A Tale of Memories.,TV,12,0,0,0000-00-00,0000-00-00,,0,,0.00,plan_to_watch,,0,,LOW,,0,0,1,default,0
39792,Eizouken ni wa Te wo Dasu na!,TV,12,0,0,0000-00-00,0000-00-00,,0,,0.00,plan_to_watch,,0,,LOW,,0,0,1,default,0
226,Elfen Lied,TV,13,0,0,0000-00-00,0000-00-00,,0,,0.00,plan_to_watch,,0,,LOW,,0,0,1,default,0
38671,Enen no Shouboutai,TV,24,0,0,0000-00-00,0000-00-00,,0,,0.00,plan_to_watch,,0,,LOW,,0,0,1,default,0
790,Ergo Proxy,TV,23,0,0,0000-00-00,0000-00-00,,0,,0.00,plan_to_watch,,0,,LOW,,0,0,1,default,0
32901,Eromanga-sensei,TV,12,0,0,0000-00-00,0000-00-00,,0,,0.00,plan_to_watch,,0,,LOW,,0,0,1,default,0
36245,Evil or Live,TV,12,0,0,0000-00-00,0000-00-00,,0,,0.00,plan_to_watch,,0,,LOW,,0,0,1,default,0
38853,Ex-Arm,TV,12,0,0,0000-00-00,0000-00-00,,0,,0.00,plan_to_watch,,0,,LOW,,0,0,1,default,0
34662,Fate/Apocrypha,TV,25,0,0,0000-00-00,0000-00-00,,0,,0.00,plan_to_watch,,0,,LOW,,0,0,1,default,0
33047,Fate/Extra: Last Encore,TV,10,0,0,0000-00-00,0000-00-00,,0,,0.00,plan_to_watch,,0,,LOW,,0,0,1,default,0
34321,Fate/Grand Order: First Order,Special,1,0,0,0000-00-00,0000-00-00,,0,,0.00,plan_to_watch,,0,,LOW,,0,0,1,default,0
36915,Fate/Grand Order: Moonlight/Lostroom,Special,1,0,0,0000-00-00,0000-00-00,,0,,0.00,plan_to_watch,,0,,LOW,,0,0,1,default,0
38085,Fate/Grand Order: Shinsei Entaku Ryouiki Camelot 1 - Wandering; Agateram,Movie,1,0,0,0000-00-00,0000-00-00,,0,,0.00,plan_to_watch,,0,,LOW,,0,0,1,default,0
40206,Fate/Grand Order: Zettai Majuu Sensen Babylonia - Initium Iter,Special,1,0,0,0000-00-00,0000-00-00,,0,,0.00,plan_to_watch,,0,,LOW,,0,0,1,default,0
12565,Fate/Prototype,OVA,1,0,0,0000-00-00,0000-00-00,,0,,0.00,plan_to_watch,,0,,LOW,,0,0,1,default,0
356,Fate/stay night,TV,24,0,24,0000-00-00,0000-00-00,,3,,0.00,Completed,,0,,LOW,,0,0,1,default,0
25537,Fate/stay night Movie: Heaven's Feel - I. Presage Flower,Movie,1,0,0,0000-00-00,0000-00-00,,0,,0.00,plan_to_watch,,0,,LOW,,0,0,1,default,0
22297,Fate/stay night: Unlimited Blade Works,TV,12,0,0,0000-00-00,0000-00-00,,8,,0.00,Watching,,0,,LOW,,0,0,1,default,0
27821,Fate/stay night: Unlimited Blade Works Prologue,Special,1,0,1,0000-00-00,0000-00-00,,8,,0.00,Completed,,0,,LOW,,0,0,1,default,0
10087,Fate/Zero,TV,13,0,13,0000-00-00,0000-00-00,,8,,0.00,Completed,,0,,LOW,,0,0,1,default,0
11741,Fate/Zero 2nd Season,TV,12,0,12,0000-00-00,0000-00-00,,9,,0.00,Completed,,0,,LOW,,0,0,1,default,0
227,FLCL,OVA,6,0,0,0000-00-00,0000-00-00,,0,,0.00,plan_to_watch,,0,,LOW,,0,0,1,default,0
31376,Flying Witch,TV,12,0,0,0000-00-00,0000-00-00,,0,,0.00,plan_to_watch,,0,,LOW,,0,0,1,default,0
18507,Free!,TV,12,0,0,0000-00-00,0000-00-00,,0,,0.00,plan_to_watch,,0,,LOW,,0,0,1,default,0
38680,Fruits Basket 1st Season,TV,25,0,0,0000-00-00,0000-00-00,,0,,0.00,plan_to_watch,,0,,LOW,,0,0,1,default,0
41120,Fugou Keiji: Balance:Unlimited,TV,11,0,11,0000-00-00,0000-00-00,,7,,0.00,Completed,,0,,LOW,,0,0,1,default,0
32696,Fukigen na Mononokean,TV,13,0,0,0000-00-00,0000-00-00,,0,,0.00,plan_to_watch,,0,,LOW,,0,0,1,default,0
71,Full Metal Panic!,TV,24,0,0,0000-00-00,0000-00-00,,0,,0.00,plan_to_watch,,0,,LOW,,0,0,1,default,0
73,Full Metal Panic! The Second Raid,TV,13,0,0,0000-00-00,0000-00-00,,0,,0.00,plan_to_watch,,0,,LOW,,0,0,1,default,0
5114,Fullmetal Alchemist: Brotherhood,TV,64,0,0,0000-00-00,0000-00-00,,0,,0.00,plan_to_watch,,0,,LOW,,0,0,1,default,0
41025,Fumetsu no Anata e,TV,20,0,0,0000-00-00,0000-00-00,,0,,0.00,plan_to_watch,,0,,LOW,,0,0,1,default,0
37188,Fumikiri Jikan,TV,12,0,0,0000-00-00,0000-00-00,,0,,0.00,plan_to_watch,,0,,LOW,,0,0,1,default,0
8187,Fumiko no Kokuhaku,ONA,1,0,0,0000-00-00,0000-00-00,,0,,0.00,plan_to_watch,,0,,LOW,,0,0,1,default,0
32948,Fune wo Amu,TV,11,0,0,0000-00-00,0000-00-00,,0,,0.00,plan_to_watch,,0,,LOW,,0,0,1,default,0
4725,Ga-Rei: Zero,TV,12,0,0,0000-00-00,0000-00-00,,0,,0.00,plan_to_watch,,0,,LOW,,0,0,1,default,0
36317,Gaikotsu Shotenin Honda-san,TV,12,0,0,0000-00-00,0000-00-00,,0,,0.00,plan_to_watch,,0,,LOW,,0,0,1,default,0
24765,Gakkougurashi!,TV,12,0,0,0000-00-00,0000-00-00,,0,,0.00,plan_to_watch,,0,,LOW,,0,0,1,default,0
35222,Gakuen Babysitters,TV,12,0,0,0000-00-00,0000-00-00,,0,,0.00,plan_to_watch,,0,,LOW,,0,0,1,default,0
34280,Gamers!,TV,12,0,0,0000-00-00,0000-00-00,,0,,0.00,plan_to_watch,,0,,LOW,,0,0,1,default,0
25183,Gangsta.,TV,12,0,0,0000-00-00,0000-00-00,,0,,0.00,plan_to_watch,,0,,LOW,,0,0,1,default,0
384,Gantz,TV,13,0,0,0000-00-00,0000-00-00,,0,,0.00,plan_to_watch,,0,,LOW,,0,0,1,default,0
23289,Gekkan Shoujo Nozaki-kun,TV,12,0,0,0000-00-00,0000-00-00,,0,,0.00,plan_to_watch,,0,,LOW,,0,0,1,default,0
1571,Ghost Hunt,TV,25,0,0,0000-00-00,0000-00-00,,0,,0.00,plan_to_watch,,0,,LOW,,0,0,1,default,0
32607,Gi(a)rlish Number,TV,12,0,0,0000-00-00,0000-00-00,,0,,0.00,plan_to_watch,,0,,LOW,,0,0,1,default,0
16918,Gin no Saji,TV,11,0,0,0000-00-00,0000-00-00,,0,,0.00,plan_to_watch,,0,,LOW,,0,0,1,default,0
918,Gintama,TV,201,0,0,0000-00-00,0000-00-00,,0,,0.00,plan_to_watch,,0,,LOW,,0,0,1,default,0
19115,Giovanni no Shima,Movie,1,0,0,0000-00-00,0000-00-00,,0,,0.00,plan_to_watch,,0,,LOW,,0,0,1,default,0
39533,Given,TV,11,0,0,0000-00-00,0000-00-00,,0,,0.00,plan_to_watch,,0,,LOW,,0,0,1,default,0
14811,GJ-bu,TV,12,0,0,0000-00-00,0000-00-00,,0,,0.00,plan_to_watch,,0,,LOW,,0,0,1,default,0
39463,Gleipnir,TV,13,0,0,0000-00-00,0000-00-00,,0,,0.00,plan_to_watch,,0,,LOW,,0,0,1,default,0
37349,Goblin Slayer,TV,12,0,0,0000-00-00,0000-00-00,,0,,0.00,plan_to_watch,,0,,LOW,,0,0,1,default,0
27631,God Eater,TV,13,0,0,0000-00-00,0000-00-00,,0,,0.00,plan_to_watch,,0,,LOW,,0,0,1,default,0
10470,God Eater Prologue,Special,1,0,0,0000-00-00,0000-00-00,,0,,0.00,plan_to_watch,,0,,LOW,,0,0,1,default,0
21431,Gokukoku no Brynhildr,TV,13,0,0,0000-00-00,0000-00-00,,0,,0.00,plan_to_watch,,0,,LOW,,0,0,1,default,0
268,Golden Boy,OVA,6,0,0,0000-00-00,0000-00-00,,0,,0.00,plan_to_watch,,0,,LOW,,0,0,1,default,0
36028,Golden Kamuy,TV,12,0,0,0000-00-00,0000-00-00,,0,,0.00,plan_to_watch,,0,,LOW,,0,0,1,default,0
17895,Golden Time,TV,24,0,0,0000-00-00,0000-00-00,,0,,0.00,plan_to_watch,,0,,LOW,,0,0,1,default,0
8425,Gosick,TV,24,0,0,0000-00-00,0000-00-00,,0,,0.00,plan_to_watch,,0,,LOW,,0,0,1,default,0
34279,Grancrest Senki,TV,24,0,0,0000-00-00,0000-00-00,,0,,0.00,plan_to_watch,,0,,LOW,,0,0,1,default,0
37105,Grand Blue,TV,12,0,0,0000-00-00,0000-00-00,,0,,0.00,plan_to_watch,,0,,LOW,,0,0,1,default,0
40052,Great Pretender,ONA,23,0,23,0000-00-00,0000-00-00,,10,,0.00,Completed,,0,,LOW,,0,0,1,default,0
245,Great Teacher Onizuka,TV,43,0,0,0000-00-00,0000-00-00,,0,,0.00,plan_to_watch,,0,,LOW,,0,0,1,default,0
17729,Grisaia no Kajitsu,TV,13,0,0,0000-00-00,0000-00-00,,0,,0.00,plan_to_watch,,0,,LOW,,0,0,1,default,0
10793,Guilty Crown,TV,22,0,0,0000-00-00,0000-00-00,,0,,0.00,plan_to_watch,,0,,LOW,,0,0,1,default,0
34602,Guomin Laogong Dai Huijia,ONA,12,0,0,0000-00-00,0000-00-00,,0,,0.00,plan_to_watch,,0,,LOW,,0,0,1,default,0
3002,Gyakkyou Burai Kaiji: Ultimate Survivor,TV,26,0,0,0000-00-00,0000-00-00,,0,,0.00,plan_to_watch,,0,,LOW,,0,0,1,default,0
16,Hachimitsu to Clover,TV,24,0,0,0000-00-00,0000-00-00,,0,,0.00,plan_to_watch,,0,,LOW,,0,0,1,default,0
31859,Hai to Gensou no Grimgar,TV,12,0,0,0000-00-00,0000-00-00,,0,,0.00,plan_to_watch,,0,,LOW,,0,0,1,default,0
387,Haibane Renmei,TV,13,0,0,0000-00-00,0000-00-00,,0,,0.00,plan_to_watch,,0,,LOW,,0,0,1,default,0
20583,Haikyuu!!,TV,25,0,25,0000-00-00,0000-00-00,,10,,0.00,Completed,,0,,LOW,,0,0,1,default,0
29755,Haikyuu!! Movie 1: Owari to Hajimari,Movie,1,0,0,0000-00-00,0000-00-00,,0,,0.00,plan_to_watch,,0,,LOW,,0,0,1,default,0
30364,Haikyuu!! Movie 2: Shousha to Haisha,Movie,1,0,0,0000-00-00,0000-00-00,,0,,0.00,plan_to_watch,,0,,LOW,,0,0,1,default,0
35110,Haikyuu!! Movie 3: Sainou to Sense,Movie,1,0,0,0000-00-00,0000-00-00,,0,,0.00,plan_to_watch,,0,,LOW,,0,0,1,default,0
35111,Haikyuu!! Movie 4: Concept no Tatakai,Movie,1,0,0,0000-00-00,0000-00-00,,0,,0.00,plan_to_watch,,0,,LOW,,0,0,1,default,0
28891,Haikyuu!! Second Season,TV,25,0,25,0000-00-00,0000-00-00,,9,,0.00,Completed,,0,,LOW,,0,0,1,default,0
32935,Haikyuu!!: Karasuno Koukou vs. Shiratorizawa Gakuen Koukou,TV,10,0,10,0000-00-00,0000-00-00,,10,,0.00,Completed,,0,,LOW,,0,0,1,default,0
25303,Haikyuu!!: Lev Genzan!,OVA,1,0,0,0000-00-00,0000-00-00,,0,,0.00,plan_to_watch,,0,,LOW,,0,0,1,default,0
40262,Haikyuu!!: Riku vs. Kuu,OVA,2,0,2,0000-00-00,0000-00-00,,8,,0.00,Completed,,0,,LOW,,0,0,1,default,0
38883,Haikyuu!!: To the Top,TV,13,0,13,0000-00-00,0000-00-00,,9,,0.00,Completed,,0,,LOW,,0,0,1,default,0
40776,Haikyuu!!: To the Top 2nd Season,TV,12,0,0,0000-00-00,0000-00-00,,9,,0.00,Watching,,0,,LOW,,0,0,1,default,0
35321,Haikyuu!!: Tokushuu! Haru-kou Volley ni Kaketa Seishun,OVA,1,0,0,0000-00-00,0000-00-00,,0,,0.00,plan_to_watch,,0,,LOW,,0,0,1,default,0
35806,"Haikyuu!!: vs. ""Akaten""",OVA,1,0,0,0000-00-00,0000-00-00,,0,,0.00,plan_to_watch,,0,,LOW,,0,0,1,default,0
263,Hajime no Ippo,TV,75,0,0,0000-00-00,0000-00-00,,0,,0.00,plan_to_watch,,0,,LOW,,0,0,1,default,0
35889,Hakata Tonkotsu Ramens,TV,12,0,0,0000-00-00,0000-00-00,,0,,0.00,plan_to_watch,,0,,LOW,,0,0,1,default,0
16528,Hal,Movie,1,0,0,0000-00-00,0000-00-00,,0,,0.00,plan_to_watch,,0,,LOW,,0,0,1,default,0
20689,Hamatora The Animation,TV,12,0,0,0000-00-00,0000-00-00,,0,,0.00,plan_to_watch,,0,,LOW,,0,0,1,default,0
27969,Hana to Alice: Satsujin Jiken,Movie,1,0,0,0000-00-00,0000-00-00,,0,,0.00,plan_to_watch,,0,,LOW,,0,0,1,default,0
9289,Hanasaku Iroha,TV,26,0,0,0000-00-00,0000-00-00,,0,,0.00,plan_to_watch,,0,,LOW,,0,0,1,default,0
32648,Handa-kun,TV,12,0,0,0000-00-00,0000-00-00,,0,,0.00,plan_to_watch,,0,,LOW,,0,0,1,default,0
37259,Hanebado!,TV,13,0,0,0000-00-00,0000-00-00,,0,,0.00,plan_to_watch,,0,,LOW,,0,0,1,default,0
35983,Harukana Receive,TV,12,0,0,0000-00-00,0000-00-00,,0,,0.00,plan_to_watch,,0,,LOW,,0,0,1,default,0
15809,Hataraku Maou-sama!,TV,13,0,0,0000-00-00,0000-00-00,,0,,0.00,plan_to_watch,,0,,LOW,,0,0,1,default,0
37141,Hataraku Saibou (TV),TV,13,0,0,0000-00-00,0000-00-00,,0,,0.00,plan_to_watch,,0,,LOW,,0,0,1,default,0
5150,Hatsukoi Limited.,TV,12,0,0,0000-00-00,0000-00-00,,0,,0.00,plan_to_watch,,0,,LOW,,0,0,1,default,0
42625,Heion Sedai no Idaten-tachi,TV,0,0,0,0000-00-00,0000-00-00,,0,,0.00,plan_to_watch,,0,,LOW,,0,0,1,default,0
38816,Hello World,Movie,1,0,0,0000-00-00,0000-00-00,,0,,0.00,plan_to_watch,,0,,LOW,,0,0,1,default,0
270,Hellsing,TV,13,0,0,0000-00-00,0000-00-00,,0,,0.00,plan_to_watch,,0,,LOW,,0,0,1,default,0
5060,Hetalia Axis Powers,ONA,52,0,0,0000-00-00,0000-00-00,,0,,0.00,plan_to_watch,,0,,LOW,,0,0,1,default,0
38476,Heya Camp△,TV,12,0,0,0000-00-00,0000-00-00,,0,,0.00,plan_to_watch,,0,,LOW,,0,0,1,default,0
27989,Hibike! Euphonium,TV,13,0,0,0000-00-00,0000-00-00,,0,,0.00,plan_to_watch,,0,,LOW,,0,0,1,default,0
5630,Higashi no Eden,TV,11,0,0,0000-00-00,0000-00-00,,0,,0.00,plan_to_watch,,0,,LOW,,0,0,1,default,0
21877,High Score Girl,TV,12,0,0,0000-00-00,0000-00-00,,0,,0.00,plan_to_watch,,0,,LOW,,0,0,1,default,0
934,Higurashi no Naku Koro ni,TV,26,0,0,0000-00-00,0000-00-00,,0,,0.00,plan_to_watch,,0,,LOW,,0,0,1,default,0
41006,Higurashi no Naku Koro ni Gou,TV,24,0,0,0000-00-00,0000-00-00,,9,,0.00,Watching,,0,,LOW,,0,0,1,default,0
28825,Himouto! Umaru-chan,TV,12,0,0,0000-00-00,0000-00-00,,0,,0.00,plan_to_watch,,0,,LOW,,0,0,1,default,0
36296,Hinamatsuri,TV,12,0,0,0000-00-00,0000-00-00,,0,,0.00,plan_to_watch,,0,,LOW,,0,0,1,default,0
20673,Hinata no Aoshigure,Movie,1,0,0,0000-00-00,0000-00-00,,0,,0.00,plan_to_watch,,0,,LOW,,0,0,1,default,0
37007,Hinomaruzumou,TV,24,0,0,0000-00-00,0000-00-00,,0,,0.00,plan_to_watch,,0,,LOW,,0,0,1,default,0
33421,Hitori no Shita: The Outcast,TV,12,0,0,0000-00-00,0000-00-00,,0,,0.00,plan_to_watch,,0,,LOW,,0,0,1,default,0
37614,Hitoribocchi no Marumaru Seikatsu,TV,12,0,0,0000-00-00,0000-00-00,,0,,0.00,plan_to_watch,,0,,LOW,,0,0,1,default,0
14753,Hori-san to Miyamura-kun,OVA,4,0,0,0000-00-00,0000-00-00,,0,,0.00,plan_to_watch,,0,,LOW,,0,0,1,default,0
42897,Horimiya,TV,0,0,0,0000-00-00,0000-00-00,,0,,0.00,plan_to_watch,,0,,LOW,,0,0,1,default,0
9760,Hoshi wo Ou Kodomo,Movie,1,0,0,0000-00-00,0000-00-00,,0,,0.00,plan_to_watch,,0,,LOW,,0,0,1,default,0
37972,Hoshiai no Sora,TV,12,0,0,0000-00-00,0000-00-00,,0,,0.00,plan_to_watch,,0,,LOW,,0,0,1,default,0
578,Hotaru no Haka,Movie,1,0,0,0000-00-00,0000-00-00,,0,,0.00,plan_to_watch,,0,,LOW,,0,0,1,default,0
10408,Hotarubi no Mori e,Movie,1,0,0,0000-00-00,0000-00-00,,0,,0.00,plan_to_watch,,0,,LOW,,0,0,1,default,0
39730,Houkago Teibou Nisshi,TV,12,0,0,0000-00-00,0000-00-00,,0,,0.00,plan_to_watch,,0,,LOW,,0,0,1,default,0
8426,Hourou Musuko,TV,11,0,0,0000-00-00,0000-00-00,,0,,0.00,plan_to_watch,,0,,LOW,,0,0,1,default,0
35557,Houseki no Kuni (TV),TV,12,0,0,0000-00-00,0000-00-00,,0,,0.00,plan_to_watch,,0,,LOW,,0,0,1,default,0
40230,Housekishou Richard-shi no Nazo Kantei,TV,12,0,0,0000-00-00,0000-00-00,,0,,0.00,plan_to_watch,,0,,LOW,,0,0,1,default,0
11061,Hunter x Hunter (2011),TV,148,0,0,0000-00-00,0000-00-00,,0,,0.00,plan_to_watch,,0,,LOW,,0,0,1,default,0
12189,Hyouka,TV,22,0,0,0000-00-00,0000-00-00,,0,,0.00,plan_to_watch,,0,,LOW,,0,0,1,default,0
40803,Hypnosis Mic: Division Rap Battle - Rhyme Anima,TV,13,0,0,0000-00-00,0000-00-00,,0,,0.00,plan_to_watch,,0,,LOW,,0,0,1,default,0
6610,Ibara no Ou,Movie,1,0,0,0000-00-00,0000-00-00,,0,,0.00,plan_to_watch,,0,,LOW,,0,0,1,default,0
33899,IDOLiSH7,TV,17,0,0,0000-00-00,0000-00-00,,0,,0.00,plan_to_watch,,0,,LOW,,0,0,1,default,0
42361,"Ijiranaide, Nagatoro-san",TV,0,0,0,0000-00-00,0000-00-00,,0,,0.00,plan_to_watch,,0,,LOW,,0,0,1,default,0
40359,Ikebukuro West Gate Park,TV,12,0,0,0000-00-00,0000-00-00,,8,,0.00,Watching,,0,,LOW,,0,0,1,default,0
35413,Imouto sae Ireba Ii.,TV,12,0,0,0000-00-00,0000-00-00,,0,,0.00,plan_to_watch,,0,,LOW,,0,0,1,default,0
185,Initial D First Stage,TV,26,0,0,0000-00-00,0000-00-00,,0,,0.00,plan_to_watch,,0,,LOW,,0,0,1,default,0
25159,Inou-Battle wa Nichijou-kei no Naka de,TV,12,0,0,0000-00-00,0000-00-00,,0,,0.00,plan_to_watch,,0,,LOW,,0,0,1,default,0
11013,Inu x Boku SS,TV,12,0,0,0000-00-00,0000-00-00,,0,,0.00,plan_to_watch,,0,,LOW,,0,0,1,default,0
249,InuYasha,TV,167,0,0,0000-00-00,0000-00-00,,0,,0.00,plan_to_watch,,0,,LOW,,0,0,1,default,0
34542,Inuyashiki,TV,11,0,0,0000-00-00,0000-00-00,,0,,0.00,plan_to_watch,,0,,LOW,,0,0,1,default,0
37497,Irozuku Sekai no Ashita kara,TV,13,0,0,0000-00-00,0000-00-00,,0,,0.00,plan_to_watch,,0,,LOW,,0,0,1,default,0
5781,Isekai no Seikishi Monogatari,OVA,13,0,0,0000-00-00,0000-00-00,,0,,0.00,plan_to_watch,,0,,LOW,,0,0,1,default,0
40010,Ishuzoku Reviewers,TV,12,0,0,0000-00-00,0000-00-00,,0,,0.00,plan_to_watch,,0,,LOW,,0,0,1,default,0
33012,Island,TV,12,0,0,0000-00-00,0000-00-00,,0,,0.00,plan_to_watch,,0,,LOW,,0,0,1,default,0
21327,Isshuukan Friends.,TV,12,0,0,0000-00-00,0000-00-00,,0,,0.00,plan_to_watch,,0,,LOW,,0,0,1,default,0
36220,Itsudatte Bokura no Koi wa 10 cm Datta.,TV,6,0,0,0000-00-00,0000-00-00,,0,,0.00,plan_to_watch,,0,,LOW,,0,0,1,default,0
41783,Iwa Kakeru!: Sport Climbing Girls,TV,12,0,0,0000-00-00,0000-00-00,,7,,0.00,Watching,,0,,LOW,,0,0,1,default,0
14719,JoJo no Kimyou na Bouken (TV),TV,26,0,0,0000-00-00,0000-00-00,,0,,0.00,plan_to_watch,,0,,LOW,,0,0,1,default,0
31405,Joker Game,TV,12,0,0,0000-00-00,0000-00-00,,0,,0.00,plan_to_watch,,0,,LOW,,0,0,1,default,0
40787,Josee to Tora to Sakana-tachi,Movie,1,0,0,0000-00-00,0000-00-00,,0,,0.00,plan_to_watch,,0,,LOW,,0,0,1,default,0
12679,Joshiraku,TV,13,0,0,0000-00-00,0000-00-00,,0,,0.00,plan_to_watch,,0,,LOW,,0,0,1,default,0
40748,Jujutsu Kaisen (TV),TV,24,0,0,0000-00-00,0000-00-00,,8,,0.00,Watching,,0,,LOW,,0,0,1,default,0
35639,Just Because!,TV,12,0,0,0000-00-00,0000-00-00,,0,,0.00,plan_to_watch,,0,,LOW,,0,0,1,default,0
35076,Juuni Taisen,TV,12,0,0,0000-00-00,0000-00-00,,0,,0.00,plan_to_watch,,0,,LOW,,0,0,1,default,0
14467,K,TV,13,0,0,0000-00-00,0000-00-00,,0,,0.00,plan_to_watch,,0,,LOW,,0,0,1,default,0
5680,K-On!,TV,13,0,0,0000-00-00,0000-00-00,,0,,0.00,plan_to_watch,,0,,LOW,,0,0,1,default,0
37999,Kaguya-sama wa Kokurasetai: Tensai-tachi no Renai Zunousen,TV,12,0,12,0000-00-00,0000-00-00,,9,,0.00,Completed,,0,,LOW,,0,0,1,default,0
40591,Kaguya-sama wa Kokurasetai?: Tensai-tachi no Renai Zunousen,TV,12,0,12,0000-00-00,0000-00-00,,9,,0.00,Completed,,0,,LOW,,0,0,1,default,0
42822,Kai Byoui Ramune,TV,0,0,0,0000-00-00,0000-00-00,,0,,0.00,plan_to_watch,,0,,LOW,,0,0,1,default,0
7054,Kaichou wa Maid-sama!,TV,26,0,0,0000-00-00,0000-00-00,,0,,0.00,plan_to_watch,,0,,LOW,,0,0,1,default,0
40750,Kaifuku Jutsushi no Yarinaoshi,TV,0,0,0,0000-00-00,0000-00-00,,0,,0.00,plan_to_watch,,0,,LOW,,0,0,1,default,0
34933,Kakegurui,TV,12,0,0,0000-00-00,0000-00-00,,0,,0.00,plan_to_watch,,0,,LOW,,0,0,1,default,0
36754,Kakuriyo no Yadomeshi,TV,26,0,0,0000-00-00,0000-00-00,,0,,0.00,plan_to_watch,,0,,LOW,,0,0,1,default,0
40716,Kakushigoto (TV),TV,12,0,0,0000-00-00,0000-00-00,,0,,0.00,plan_to_watch,,0,,LOW,,0,0,1,default,0
40221,Kami no Tou,TV,13,0,13,0000-00-00,0000-00-00,,7,,0.00,Completed,,0,,LOW,,0,0,1,default,0
41930,Kamisama ni Natta Hi,TV,12,0,0,0000-00-00,0000-00-00,,8,,0.00,Watching,,0,,LOW,,0,0,1,default,0
3958,Kannagi,TV,13,0,0,0000-00-00,0000-00-00,,0,,0.00,plan_to_watch,,0,,LOW,,0,0,1,default,0
1004,Kanojo to Kanojo no Neko,OVA,1,0,0,0000-00-00,0000-00-00,,0,,0.00,plan_to_watch,,0,,LOW,,0,0,1,default,0
40839,"Kanojo, Okarishimasu",TV,12,0,12,0000-00-00,0000-00-00,,8,,0.00,Completed,,0,,LOW,,0,0,1,default,0
42963,"Kanojo, Okarishimasu 2nd Season",TV,0,0,0,0000-00-00,0000-00-00,,0,,0.00,plan_to_watch,,0,,LOW,,0,0,1,default,0
2593,Kara no Kyoukai 1: Fukan Fuukei,Movie,1,0,0,0000-00-00,0000-00-00,,0,,0.00,plan_to_watch,,0,,LOW,,0,0,1,default,0
35860,Karakai Jouzu no Takagi-san,TV,12,0,12,0000-00-00,0000-00-00,,9,,0.00,Completed,,0,,LOW,,0,0,1,default,0
38993,Karakai Jouzu no Takagi-san 2,TV,12,0,0,0000-00-00,0000-00-00,,0,,0.00,On-Hold,,0,,LOW,,0,0,1,default,0
37621,Karakai Jouzu no Takagi-san: Water Slide,OVA,1,0,1,0000-00-00,0000-00-00,,8,,0.00,Completed,,0,,LOW,,0,0,1,default,0
37447,Karakuri Circus (TV),TV,36,0,0,0000-00-00,0000-00-00,,0,,0.00,plan_to_watch,,0,,LOW,,0,0,1,default,0
6594,Katanagatari,TV,12,0,0,0000-00-00,0000-00-00,,0,,0.00,plan_to_watch,,0,,LOW,,0,0,1,default,0
1604,Katekyo Hitman Reborn!,TV,203,0,0,0000-00-00,0000-00-00,,0,,0.00,plan_to_watch,,0,,LOW,,0,0,1,default,0
33018,Katsugeki/Touken Ranbu,TV,13,0,13,0000-00-00,0000-00-00,,7,,0.00,Completed,,0,,LOW,,0,0,1,default,0
36419,Katsugeki/Touken Ranbu Movie,Movie,1,0,0,0000-00-00,0000-00-00,,0,,0.00,plan_to_watch,,0,,LOW,,0,0,1,default,0
37965,Kaze ga Tsuyoku Fuiteiru,TV,23,0,0,0000-00-00,0000-00-00,,0,,0.00,plan_to_watch,,0,,LOW,,0,0,1,default,0
24439,Kekkai Sensen,TV,12,0,0,0000-00-00,0000-00-00,,0,,0.00,plan_to_watch,,0,,LOW,,0,0,1,default,0
36903,Kengan Ashura,ONA,12,0,0,0000-00-00,0000-00-00,,0,,0.00,plan_to_watch,,0,,LOW,,0,0,1,default,0
34825,Keppeki Danshi! Aoyama-kun,TV,12,0,0,0000-00-00,0000-00-00,,0,,0.00,plan_to_watch,,0,,LOW,,0,0,1,default,0
18679,Kill la Kill,TV,24,0,0,0000-00-00,0000-00-00,,0,,0.00,plan_to_watch,,0,,LOW,,0,0,1,default,0
38000,Kimetsu no Yaiba,TV,26,0,26,0000-00-00,0000-00-00,,8,,0.00,Completed,,0,,LOW,,0,0,1,default,0
40456,Kimetsu no Yaiba Movie: Mugen Ressha-hen,Movie,1,0,0,0000-00-00,0000-00-00,,0,,0.00,plan_to_watch,,0,,LOW,,0,0,1,default,0
6045,Kimi ni Todoke,TV,25,0,0,0000-00-00,0000-00-00,,0,,0.00,plan_to_watch,,0,,LOW,,0,0,1,default,0
35159,Kimi no Hikari: Asagao to Kase-san.,OVA,1,0,0,0000-00-00,0000-00-00,,0,,0.00,plan_to_watch,,0,,LOW,,0,0,1,default,0
37541,Kimi no Iru Basho,Music,1,0,0,0000-00-00,0000-00-00,,0,,0.00,plan_to_watch,,0,,LOW,,0,0,1,default,0
17741,Kimi no Iru Machi,TV,12,0,0,0000-00-00,0000-00-00,,0,,0.00,plan_to_watch,,0,,LOW,,0,0,1,default,0
32281,Kimi no Na wa.,Movie,1,0,1,0000-00-00,0000-00-00,,10,,0.00,Completed,,0,,LOW,,0,0,1,default,0
36098,Kimi no Suizou wo Tabetai,Movie,1,0,0,0000-00-00,0000-00-00,,0,,0.00,plan_to_watch,,0,,LOW,,0,0,1,default,0
40595,"Kimi to Boku no Saigo no Senjou, Aruiwa Sekai ga Hajimaru Seisen",TV,12,0,0,0000-00-00,0000-00-00,,9,,0.00,Watching,,0,,LOW,,0,0,1,default,0
10460,Kimi to Boku.,TV,13,0,0,0000-00-00,0000-00-00,,0,,0.00,plan_to_watch,,0,,LOW,,0,0,1,default,0
38594,"Kimi to, Nami ni Noretara",Movie,1,0,0,0000-00-00,0000-00-00,,0,,0.00,plan_to_watch,,0,,LOW,,0,0,1,default,0
41379,Kimi wa Kanata,Movie,1,0,0,0000-00-00,0000-00-00,,0,,0.00,plan_to_watch,,0,,LOW,,0,0,1,default,0
2927,KimiKiss Pure Rouge,TV,24,0,0,0000-00-00,0000-00-00,,0,,0.00,plan_to_watch,,0,,LOW,,0,0,1,default,0
12031,Kingdom,TV,38,0,0,0000-00-00,0000-00-00,,0,,0.00,plan_to_watch,,0,,LOW,,0,0,1,default,0
16732,Kiniro Mosaic,TV,12,0,0,0000-00-00,0000-00-00,,0,,0.00,plan_to_watch,,0,,LOW,,0,0,1,default,0
486,Kino no Tabi: The Beautiful World,TV,13,0,0,0000-00-00,0000-00-00,,0,,0.00,plan_to_watch,,0,,LOW,,0,0,1,default,0
22535,Kiseijuu: Sei no Kakuritsu,TV,24,0,0,0000-00-00,0000-00-00,,0,,0.00,plan_to_watch,,0,,LOW,,0,0,1,default,0
39582,Kitsutsuki Tanteidokoro,TV,12,0,0,0000-00-00,0000-00-00,,0,,0.00,plan_to_watch,,0,,LOW,,0,0,1,default,0
31798,Kiznaiver,TV,12,0,0,0000-00-00,0000-00-00,,0,,0.00,plan_to_watch,,0,,LOW,,0,0,1,default,0
9260,Kizumonogatari I: Tekketsu-hen,Movie,1,0,0,0000-00-00,0000-00-00,,0,,0.00,plan_to_watch,,0,,LOW,,0,0,1,default,0
33206,Kobayashi-san Chi no Maid Dragon,TV,13,0,0,0000-00-00,0000-00-00,,0,,0.00,plan_to_watch,,0,,LOW,,0,0,1,default,0
28851,Koe no Katachi,Movie,1,0,1,0000-00-00,0000-00-00,,10,,0.00,Completed,,0,,LOW,,0,0,1,default,0
34934,Koi to Uso,TV,12,0,0,0000-00-00,0000-00-00,,0,,0.00,plan_to_watch,,0,,LOW,,0,0,1,default,0
34984,Koi wa Ameagari no You ni,TV,12,0,0,0000-00-00,0000-00-00,,0,,0.00,plan_to_watch,,0,,LOW,,0,0,1,default,0
39388,Koisuru Asteroid,TV,12,0,0,0000-00-00,0000-00-00,,0,,0.00,plan_to_watch,,0,,LOW,,0,0,1,default,0
36548,Kokkoku,TV,12,0,0,0000-00-00,0000-00-00,,0,,0.00,plan_to_watch,,0,,LOW,,0,0,1,default,0
11887,Kokoro Connect,TV,13,0,13,0000-00-00,0000-00-00,,8,,0.00,Completed,,0,,LOW,,0,0,1,default,0
16001,Kokoro Connect: Michi Random,Special,4,0,4,0000-00-00,0000-00-00,,8,,0.00,Completed,,0,,LOW,,0,0,1,default,0
28725,Kokoro ga Sakebitagatterunda.,Movie,1,0,0,0000-00-00,0000-00-00,,0,,0.00,plan_to_watch,,0,,LOW,,0,0,1,default,0
31952,Kono Bijutsubu ni wa Mondai ga Aru!,TV,12,0,0,0000-00-00,0000-00-00,,0,,0.00,plan_to_watch,,0,,LOW,,0,0,1,default,0
38080,Kono Oto Tomare!,TV,13,0,0,0000-00-00,0000-00-00,,0,,0.00,plan_to_watch,,0,,LOW,,0,0,1,default,0
30831,Kono Subarashii Sekai ni Shukufuku wo!,TV,10,0,0,0000-00-00,0000-00-00,,0,,0.00,plan_to_watch,,0,,LOW,,0,0,1,default,0
16782,Kotonoha no Niwa,Movie,1,0,0,0000-00-00,0000-00-00,,0,,0.00,plan_to_watch,,0,,LOW,,0,0,1,default,0
43,Koukaku Kidoutai,Movie,1,0,0,0000-00-00,0000-00-00,,0,,0.00,plan_to_watch,,0,,LOW,,0,0,1,default,0
237,Koukyoushihen Eureka Seven,TV,50,0,0,0000-00-00,0000-00-00,,0,,0.00,plan_to_watch,,0,,LOW,,0,0,1,default,0
28623,Koutetsujou no Kabaneri,TV,12,0,0,0000-00-00,0000-00-00,,0,,0.00,plan_to_watch,,0,,LOW,,0,0,1,default,0
34712,Kujira no Kora wa Sajou ni Utau,TV,12,0,0,0000-00-00,0000-00-00,,0,,0.00,plan_to_watch,,0,,LOW,,0,0,1,default,0
433,"Kumo no Mukou, Yakusoku no Basho",Movie,1,0,0,0000-00-00,0000-00-00,,0,,0.00,plan_to_watch,,0,,LOW,,0,0,1,default,0
11771,Kuroko no Basket,TV,25,0,0,0000-00-00,0000-00-00,,0,,0.00,plan_to_watch,,0,,LOW,,0,0,1,default,0
4898,Kuroshitsuji,TV,24,0,0,0000-00-00,0000-00-00,,0,,0.00,plan_to_watch,,0,,LOW,,0,0,1,default,0
39531,Kuutei Dragons,ONA,12,0,0,0000-00-00,0000-00-00,,0,,0.00,plan_to_watch,,0,,LOW,,0,0,1,default,0
32949,Kuzu no Honkai,TV,12,0,0,0000-00-00,0000-00-00,,0,,0.00,plan_to_watch,,0,,LOW,,0,0,1,default,0
39017,Kyokou Suiri,TV,12,0,0,0000-00-00,0000-00-00,,0,,0.00,plan_to_watch,,0,,LOW,,0,0,1,default,0
37458,Kyoto Teramachi Sanjou no Holmes,TV,12,0,0,0000-00-00,0000-00-00,,0,,0.00,plan_to_watch,,0,,LOW,,0,0,1,default,0
18153,Kyoukai no Kanata,TV,12,0,0,0000-00-00,0000-00-00,,0,,0.00,plan_to_watch,,0,,LOW,,0,0,1,default,0
19703,Kyousou Giga (TV),TV,10,0,0,0000-00-00,0000-00-00,,0,,0.00,plan_to_watch,,0,,LOW,,0,0,1,default,0
39734,Line Novel,ONA,2,0,0,0000-00-00,0000-00-00,,0,,0.00,plan_to_watch,,0,,LOW,,0,0,1,default,0
40165,Listeners,TV,12,0,0,0000-00-00,0000-00-00,,0,,0.00,plan_to_watch,,0,,LOW,,0,0,1,default,0
13655,Little Busters!,TV,26,0,0,0000-00-00,0000-00-00,,0,,0.00,plan_to_watch,,0,,LOW,,0,0,1,default,0
14349,Little Witch Academia,Movie,1,0,0,0000-00-00,0000-00-00,,0,,0.00,plan_to_watch,,0,,LOW,,0,0,1,default,0
33489,Little Witch Academia (TV),TV,25,0,0,0000-00-00,0000-00-00,,0,,0.00,plan_to_watch,,0,,LOW,,0,0,1,default,0
35677,Liz to Aoi Tori,Movie,1,0,0,0000-00-00,0000-00-00,,0,,0.00,plan_to_watch,,0,,LOW,,0,0,1,default,0
7598,Loups=Garous,Movie,1,0,0,0000-00-00,0000-00-00,,0,,0.00,plan_to_watch,,0,,LOW,,0,0,1,default,0
189,Love Hina,TV,24,0,0,0000-00-00,0000-00-00,,0,,0.00,plan_to_watch,,0,,LOW,,0,0,1,default,0
16353,Love Lab,TV,13,0,0,0000-00-00,0000-00-00,,0,,0.00,plan_to_watch,,0,,LOW,,0,0,1,default,0
40879,Love Live! Nijigasaki Gakuen School Idol Doukoukai,TV,13,0,0,0000-00-00,0000-00-00,,8,,0.00,Watching,,0,,LOW,,0,0,1,default,0
15051,Love Live! School Idol Project,TV,13,0,0,0000-00-00,0000-00-00,,0,,0.00,plan_to_watch,,0,,LOW,,0,0,1,default,0
2034,Lovely★Complex,TV,24,0,0,0000-00-00,0000-00-00,,0,,0.00,plan_to_watch,,0,,LOW,,0,0,1,default,0
27947,Lupin III (2015),TV,24,0,0,0000-00-00,0000-00-00,,0,,0.00,plan_to_watch,,0,,LOW,,0,0,1,default,0
34599,Made in Abyss,TV,13,0,13,0000-00-00,0000-00-00,,10,,0.00,Completed,,0,,LOW,,0,0,1,default,0
36862,Made in Abyss Movie 3: Fukaki Tamashii no Reimei,Movie,1,0,0,0000-00-00,0000-00-00,,0,,0.00,plan_to_watch,,0,,LOW,,0,0,1,default,0
37599,Magatsu Wahrheit: Zuerst,TV,0,0,0,0000-00-00,0000-00-00,,8,,0.00,Watching,,0,,LOW,,0,0,1,default,0
18115,Magi: The Kingdom of Magic,TV,25,0,0,0000-00-00,0000-00-00,,0,,0.00,plan_to_watch,,0,,LOW,,0,0,1,default,0
76,Mahou Shoujo Lyrical Nanoha,TV,13,0,0,0000-00-00,0000-00-00,,0,,0.00,plan_to_watch,,0,,LOW,,0,0,1,default,0
9756,Mahou Shoujo Madoka★Magica,TV,12,0,0,0000-00-00,0000-00-00,,0,,0.00,plan_to_watch,,0,,LOW,,0,0,1,default,0
36266,Mahou Shoujo Site,TV,12,0,0,0000-00-00,0000-00-00,,0,,0.00,plan_to_watch,,0,,LOW,,0,0,1,default,0
37979,Mahou Shoujo Tokushusen Asuka,TV,12,0,0,0000-00-00,0000-00-00,,0,,0.00,plan_to_watch,,0,,LOW,,0,0,1,default,0
20785,Mahouka Koukou no Rettousei,TV,26,0,0,0000-00-00,0000-00-00,,0,,0.00,plan_to_watch,,0,,LOW,,0,0,1,default,0
35062,Mahoutsukai no Yome,TV,24,0,0,0000-00-00,0000-00-00,,0,,0.00,plan_to_watch,,0,,LOW,,0,0,1,default,0
40571,Majo no Tabitabi,TV,12,0,0,0000-00-00,0000-00-00,,7,,0.00,Watching,,0,,LOW,,0,0,1,default,0
40496,"Maou Gakuin no Futekigousha: Shijou Saikyou no Maou no Shiso, Tensei shite Shison-tachi no Gakkou e ",TV,13,0,0,0000-00-00,0000-00-00,,0,,0.00,plan_to_watch,,0,,LOW,,0,0,1,default,0
40897,Marulk-chan no Nichijou,Movie,4,0,0,0000-00-00,0000-00-00,,0,,0.00,plan_to_watch,,0,,LOW,,0,0,1,default,0
33487,Masamune-kun no Revenge,TV,12,0,0,0000-00-00,0000-00-00,,0,,0.00,plan_to_watch,,0,,LOW,,0,0,1,default,0
10110,Mayo Chiki!,TV,13,0,0,0000-00-00,0000-00-00,,0,,0.00,plan_to_watch,,0,,LOW,,0,0,1,default,0
32438,Mayoiga,TV,12,0,0,0000-00-00,0000-00-00,,0,,0.00,plan_to_watch,,0,,LOW,,0,0,1,default,0
36563,Megalo Box,TV,13,0,0,0000-00-00,0000-00-00,,0,,0.00,plan_to_watch,,0,,LOW,,0,0,1,default,0
21603,Mekakucity Actors,TV,12,0,0,0000-00-00,0000-00-00,,0,,0.00,plan_to_watch,,0,,LOW,,0,0,1,default,0
38778,Midara na Ao-chan wa Benkyou ga Dekinai,TV,12,0,0,0000-00-00,0000-00-00,,0,,0.00,plan_to_watch,,0,,LOW,,0,0,1,default,0
20541,Mikakunin de Shinkoukei,TV,12,0,0,0000-00-00,0000-00-00,,0,,0.00,plan_to_watch,,0,,LOW,,0,0,1,default,0
585,Mimi wo Sumaseba,Movie,1,0,0,0000-00-00,0000-00-00,,0,,0.00,plan_to_watch,,0,,LOW,,0,0,1,default,0
31422,Minami Kamakura Koukou Joshi Jitenshabu,TV,12,0,0,0000-00-00,0000-00-00,,0,,0.00,plan_to_watch,,0,,LOW,,0,0,1,default,0
2963,Minami-ke,TV,13,0,0,0000-00-00,0000-00-00,,0,,0.00,plan_to_watch,,0,,LOW,,0,0,1,default,0
10620,Mirai Nikki,TV,26,0,0,0000-00-00,0000-00-00,,0,,0.00,plan_to_watch,,0,,LOW,,0,0,1,default,0
38935,Miru Tights,ONA,12,0,0,0000-00-00,0000-00-00,,0,,0.00,plan_to_watch,,0,,LOW,,0,0,1,default,0
35078,Mitsuboshi Colors,TV,12,0,0,0000-00-00,0000-00-00,,0,,0.00,plan_to_watch,,0,,LOW,,0,0,1,default,0
3342,Mnemosyne: Mnemosyne no Musume-tachi,TV,6,0,0,0000-00-00,0000-00-00,,0,,0.00,plan_to_watch,,0,,LOW,,0,0,1,default,0
37208,Mo Dao Zu Shi,ONA,15,0,0,0000-00-00,0000-00-00,,0,,0.00,plan_to_watch,,0,,LOW,,0,0,1,default,0
32182,Mob Psycho 100,TV,12,0,12,0000-00-00,0000-00-00,,10,,0.00,Completed,,0,,LOW,,0,0,1,default,0
37510,Mob Psycho 100 II,TV,13,0,13,0000-00-00,0000-00-00,,10,,0.00,Completed,,0,,LOW,,0,0,1,default,0
39651,Mob Psycho 100: Dai Ikkai Rei toka Soudansho Ian Ryokou - Kokoro Mitasu Iyashi no Tabi,OVA,1,0,1,0000-00-00,0000-00-00,,9,,0.00,Completed,,0,,LOW,,0,0,1,default,0
36616,Mob Psycho 100: Reigen - Shirarezaru Kiseki no Reinouryokusha,Special,1,0,1,0000-00-00,0000-00-00,,9,,0.00,Completed,,0,,LOW,,0,0,1,default,0
19,Monster,TV,74,0,0,0000-00-00,0000-00-00,,0,,0.00,plan_to_watch,,0,,LOW,,0,0,1,default,0
4879,Mouryou no Hako,TV,13,0,0,0000-00-00,0000-00-00,,0,,0.00,plan_to_watch,,0,,LOW,,0,0,1,default,0
323,Mousou Dairinin,TV,13,0,0,0000-00-00,0000-00-00,,0,,0.00,plan_to_watch,,0,,LOW,,0,0,1,default,0
41619,Munou na Nana,TV,13,0,0,0000-00-00,0000-00-00,,7,,0.00,Watching,,0,,LOW,,0,0,1,default,0
31442,Musaigen no Phantom World,TV,13,0,0,0000-00-00,0000-00-00,,0,,0.00,plan_to_watch,,0,,LOW,,0,0,1,default,0
38663,Mushikago no Cagaster,ONA,12,0,0,0000-00-00,0000-00-00,,0,,0.00,plan_to_watch,,0,,LOW,,0,0,1,default,0
457,Mushishi,TV,26,0,0,0000-00-00,0000-00-00,,0,,0.00,plan_to_watch,,0,,LOW,,0,0,1,default,0
39535,Mushoku Tensei: Isekai Ittara Honki Dasu,TV,0,0,0,0000-00-00,0000-00-00,,0,,0.00,plan_to_watch,,0,,LOW,,0,0,1,default,0
11021,Muv-Luv Alternative: Total Eclipse,TV,24,0,0,0000-00-00,0000-00-00,,0,,0.00,plan_to_watch,,0,,LOW,,0,0,1,default,0
3655,Nabari no Ou,TV,26,0,0,0000-00-00,0000-00-00,,0,,0.00,plan_to_watch,,0,,LOW,,0,0,1,default,0
1722,Nagasarete Airantou,TV,26,0,0,0000-00-00,0000-00-00,,0,,0.00,plan_to_watch,,0,,LOW,,0,0,1,default,0
16067,Nagi no Asu kara,TV,26,0,0,0000-00-00,0000-00-00,,0,,0.00,plan_to_watch,,0,,LOW,,0,0,1,default,0
41168,Nakitai Watashi wa Neko wo Kaburu,ONA,1,0,0,0000-00-00,0000-00-00,,0,,0.00,plan_to_watch,,0,,LOW,,0,0,1,default,0
40513,Nami yo Kiitekure,TV,12,0,0,0000-00-00,0000-00-00,,0,,0.00,plan_to_watch,,0,,LOW,,0,0,1,default,0
877,Nana,TV,47,0,0,0000-00-00,0000-00-00,,0,,0.00,plan_to_watch,,0,,LOW,,0,0,1,default,0
20,Naruto,TV,220,0,220,0000-00-00,0000-00-00,,7,,0.00,Completed,,0,,LOW,,0,0,1,default,0
1735,Naruto: Shippuuden,TV,500,0,500,0000-00-00,0000-00-00,,6,,0.00,Completed,,0,,LOW,,0,0,1,default,0
13667,Naruto: Shippuuden Movie 6 - Road to Ninja,Movie,1,0,1,0000-00-00,0000-00-00,,7,,0.00,Completed,,0,,LOW,,0,0,1,default,0
4081,Natsume Yuujinchou,TV,13,0,0,0000-00-00,0000-00-00,,0,,0.00,plan_to_watch,,0,,LOW,,0,0,1,default,0
42894,Natsume Yuujinchou: Ishi Okoshi to Ayashiki Raihousha,Unknown,2,0,0,0000-00-00,0000-00-00,,0,,0.00,plan_to_watch,,0,,LOW,,0,0,1,default,0
13585,Natsuyuki Rendezvous,TV,11,0,0,0000-00-00,0000-00-00,,0,,0.00,plan_to_watch,,0,,LOW,,0,0,1,default,0
12467,Nazo no Kanojo X,TV,13,0,0,0000-00-00,0000-00-00,,0,,0.00,plan_to_watch,,0,,LOW,,0,0,1,default,0
31764,Nejimaki Seirei Senki: Tenkyou no Alderamin,TV,13,0,0,0000-00-00,0000-00-00,,0,,0.00,plan_to_watch,,0,,LOW,,0,0,1,default,0
597,Neko no Ongaeshi,Movie,1,0,0,0000-00-00,0000-00-00,,0,,0.00,plan_to_watch,,0,,LOW,,0,0,1,default,0
30,Neon Genesis Evangelion,TV,26,0,0,0000-00-00,0000-00-00,,0,,0.00,plan_to_watch,,0,,LOW,,0,0,1,default,0
14293,Nerawareta Gakuen,Movie,1,0,0,0000-00-00,0000-00-00,,0,,0.00,plan_to_watch,,0,,LOW,,0,0,1,default,0
36038,Net-juu no Susume,ONA,10,0,0,0000-00-00,0000-00-00,,0,,0.00,plan_to_watch,,0,,LOW,,0,0,1,default,0
31953,New Game!,TV,12,0,0,0000-00-00,0000-00-00,,0,,0.00,plan_to_watch,,0,,LOW,,0,0,1,default,0
1210,NHK ni Youkoso!,TV,24,0,0,0000-00-00,0000-00-00,,0,,0.00,plan_to_watch,,0,,LOW,,0,0,1,default,0
10165,Nichijou,TV,26,0,0,0000-00-00,0000-00-00,,0,,0.00,plan_to_watch,,0,,LOW,,0,0,1,default,0
40515,Nihon Chinbotsu 2020,ONA,10,0,0,0000-00-00,0000-00-00,,0,,0.00,plan_to_watch,,0,,LOW,,0,0,1,default,0
31414,Nijiiro Days,TV,24,0,0,0000-00-00,0000-00-00,,0,,0.00,plan_to_watch,,0,,LOW,,0,0,1,default,0
36517,Ninja Batman,Movie,1,0,0,0000-00-00,0000-00-00,,0,,0.00,plan_to_watch,,0,,LOW,,0,0,1,default,0
18897,Nisekoi,TV,20,0,0,0000-00-00,0000-00-00,,0,,0.00,plan_to_watch,,0,,LOW,,0,0,1,default,0
19815,No Game No Life,TV,12,0,0,0000-00-00,0000-00-00,,0,,0.00,plan_to_watch,,0,,LOW,,0,0,1,default,0
39539,No Guns Life,TV,12,0,0,0000-00-00,0000-00-00,,0,,0.00,plan_to_watch,,0,,LOW,,0,0,1,default,0
41345,Noblesse,TV,0,0,0,0000-00-00,0000-00-00,,7,,0.00,Watching,,0,,LOW,,0,0,1,default,0
32668,Noblesse: Awakening,ONA,1,0,1,0000-00-00,0000-00-00,,6,,0.00,Completed,,0,,LOW,,0,0,1,default,0
32566,Noblesse: Pamyeol-ui Sijak,OVA,1,0,1,0000-00-00,0000-00-00,,7,,0.00,Completed,,0,,LOW,,0,0,1,default,0
24135,Nobunaga Concerto,TV,10,0,0,0000-00-00,0000-00-00,,0,,0.00,plan_to_watch,,0,,LOW,,0,0,1,default,0
1698,Nodame Cantabile,TV,23,0,0,0000-00-00,0000-00-00,,0,,0.00,plan_to_watch,,0,,LOW,,0,0,1,default,0
17549,Non Non Biyori,TV,12,0,0,0000-00-00,0000-00-00,,0,,0.00,plan_to_watch,,0,,LOW,,0,0,1,default,0
32962,Occultic;Nine,TV,12,0,0,0000-00-00,0000-00-00,,0,,0.00,plan_to_watch,,0,,LOW,,0,0,1,default,0
11933,Oda Nobuna no Yabou,TV,12,0,0,0000-00-00,0000-00-00,,0,,0.00,plan_to_watch,,0,,LOW,,0,0,1,default,0
39753,"Omoi, Omoware, Furi, Furare",Movie,1,0,0,0000-00-00,0000-00-00,,0,,0.00,plan_to_watch,,0,,LOW,,0,0,1,default,0
21557,Omoide no Marnie,Movie,1,0,0,0000-00-00,0000-00-00,,0,,0.00,plan_to_watch,,0,,LOW,,0,0,1,default,0
1029,Omoide Poroporo,Movie,1,0,0,0000-00-00,0000-00-00,,0,,0.00,plan_to_watch,,0,,LOW,,0,0,1,default,0
21,One Piece,TV,0,0,0,0000-00-00,0000-00-00,,0,,0.00,On-Hold,,0,,LOW,,0,0,1,default,0
30276,One Punch Man,TV,12,0,12,0000-00-00,0000-00-00,,9,,0.00,Completed,,1,,LOW,,1,0,1,default,0
34134,One Punch Man 2nd Season,TV,12,0,12,0000-00-00,0000-00-00,,8,,0.00,Completed,,0,,LOW,,0,0,1,default,0
39705,One Punch Man 2nd Season Specials,Special,6,0,6,0000-00-00,0000-00-00,,8,,0.00,Completed,,0,,LOW,,0,0,1,default,0
31772,One Punch Man Specials,Special,6,0,6,0000-00-00,0000-00-00,,9,,0.00,Completed,,0,,LOW,,0,0,1,default,0
31704,One Punch Man: Road to Hero,OVA,1,0,1,0000-00-00,0000-00-00,,8,,0.00,Completed,,0,,LOW,,0,0,1,default,0
12355,Ookami Kodomo no Ame to Yuki,Movie,1,0,0,0000-00-00,0000-00-00,,0,,0.00,plan_to_watch,,0,,LOW,,0,0,1,default,0
23673,Ookami Shoujo to Kuro Ouji,TV,12,0,0,0000-00-00,0000-00-00,,0,,0.00,plan_to_watch,,0,,LOW,,0,0,1,default,0
2966,Ookami to Koushinryou,TV,13,0,0,0000-00-00,0000-00-00,,0,,0.00,plan_to_watch,,0,,LOW,,0,0,1,default,0
32729,Orange,TV,13,0,0,0000-00-00,0000-00-00,,0,,0.00,plan_to_watch,,0,,LOW,,0,0,1,default,0
8769,Ore no Imouto ga Konnani Kawaii Wake ga Nai,TV,12,0,0,0000-00-00,0000-00-00,,0,,0.00,plan_to_watch,,0,,LOW,,0,0,1,default,0
14749,Ore no Kanojo to Osananajimi ga Shuraba Sugiru,TV,13,0,0,0000-00-00,0000-00-00,,0,,0.00,plan_to_watch,,0,,LOW,,0,0,1,default,0
38483,Ore wo Suki nano wa Omae dake ka yo,TV,12,0,0,0000-00-00,0000-00-00,,0,,0.00,plan_to_watch,,0,,LOW,,0,0,1,default,0
32013,Oshiete! Galko-chan,TV,12,0,0,0000-00-00,0000-00-00,,0,,0.00,plan_to_watch,,0,,LOW,,0,0,1,default,0
31174,Osomatsu-san,TV,25,0,0,0000-00-00,0000-00-00,,0,,0.00,plan_to_watch,,0,,LOW,,0,0,1,default,0
853,Ouran Koukou Host Club,TV,26,0,0,0000-00-00,0000-00-00,,0,,0.00,plan_to_watch,,0,,LOW,,0,0,1,default,0
34262,Oushitsu Kyoushi Heine,TV,12,0,0,0000-00-00,0000-00-00,,0,,0.00,plan_to_watch,,0,,LOW,,0,0,1,default,0
29803,Overlord,TV,13,0,0,0000-00-00,0000-00-00,,0,,0.00,plan_to_watch,,0,,LOW,,0,0,1,default,0
26243,Owari no Seraph,TV,12,0,0,0000-00-00,0000-00-00,,0,,0.00,plan_to_watch,,0,,LOW,,0,0,1,default,0
770,Pale Cocoon,OVA,1,0,0,0000-00-00,0000-00-00,,0,,0.00,plan_to_watch,,0,,LOW,,0,0,1,default,0
8795,Panty & Stocking with Garterbelt,TV,13,0,0,0000-00-00,0000-00-00,,0,,0.00,plan_to_watch,,0,,LOW,,0,0,1,default,0
1943,Paprika,Movie,1,0,0,0000-00-00,0000-00-00,,0,,0.00,plan_to_watch,,0,,LOW,,0,0,1,default,0
42627,Peach Boy Riverside,TV,0,0,0,0000-00-00,0000-00-00,,0,,0.00,plan_to_watch,,0,,LOW,,0,0,1,default,0
37407,Penguin Highway,Movie,1,0,0,0000-00-00,0000-00-00,,0,,0.00,plan_to_watch,,0,,LOW,,0,0,1,default,0
437,Perfect Blue,Movie,1,0,0,0000-00-00,0000-00-00,,0,,0.00,plan_to_watch,,0,,LOW,,0,0,1,default,0
14407,Persona 3 the Movie 1: Spring of Birth,Movie,1,0,0,0000-00-00,0000-00-00,,0,,0.00,plan_to_watch,,0,,LOW,,0,0,1,default,0
10588,Persona 4 the Animation,TV,25,0,0,0000-00-00,0000-00-00,,0,,0.00,plan_to_watch,,0,,LOW,,0,0,1,default,0
24075,Persona 4 the Golden Animation,TV,12,0,0,0000-00-00,0000-00-00,,0,,0.00,plan_to_watch,,0,,LOW,,0,0,1,default,0
36023,Persona 5 the Animation,TV,26,0,0,0000-00-00,0000-00-00,,0,,0.00,plan_to_watch,,0,,LOW,,0,0,1,default,0
3366,Persona: Trinity Soul,TV,26,0,0,0000-00-00,0000-00-00,,0,,0.00,plan_to_watch,,0,,LOW,,0,0,1,default,0
37522,Pet,TV,13,0,0,0000-00-00,0000-00-00,,0,,0.00,plan_to_watch,,0,,LOW,,0,0,1,default,0
2594,Piano no Mori,Movie,1,0,0,0000-00-00,0000-00-00,,0,,0.00,plan_to_watch,,0,,LOW,,0,0,1,default,0
22135,Ping Pong the Animation,TV,11,0,0,0000-00-00,0000-00-00,,0,,0.00,plan_to_watch,,0,,LOW,,0,0,1,default,0
27775,Plastic Memories,TV,13,0,0,0000-00-00,0000-00-00,,0,,0.00,plan_to_watch,,0,,LOW,,0,0,1,default,0
30240,Prison School,TV,12,0,0,0000-00-00,0000-00-00,,0,,0.00,plan_to_watch,,0,,LOW,,0,0,1,default,0
35848,Promare,Movie,1,0,0,0000-00-00,0000-00-00,,0,,0.00,plan_to_watch,,0,,LOW,,0,0,1,default,0
13601,Psycho-Pass,TV,22,0,0,0000-00-00,0000-00-00,,0,,0.00,plan_to_watch,,0,,LOW,,0,0,1,default,0
28617,Punch Line,TV,12,0,0,0000-00-00,0000-00-00,,0,,0.00,plan_to_watch,,0,,LOW,,0,0,1,default,0
33926,Quanzhi Gaoshou,ONA,12,0,0,0000-00-00,0000-00-00,,0,,0.00,plan_to_watch,,0,,LOW,,0,0,1,default,0
6114,Rainbow: Nisha Rokubou no Shichinin,TV,26,0,0,0000-00-00,0000-00-00,,0,,0.00,plan_to_watch,,0,,LOW,,0,0,1,default,0
40569,Raison d'être,Music,1,0,0,0000-00-00,0000-00-00,,0,,0.00,plan_to_watch,,0,,LOW,,0,0,1,default,0
13391,Rakuen Tsuihou,Movie,1,0,0,0000-00-00,0000-00-00,,0,,0.00,plan_to_watch,,0,,LOW,,0,0,1,default,0
34561,Re:Creators,TV,22,0,0,0000-00-00,0000-00-00,,0,,0.00,plan_to_watch,,0,,LOW,,0,0,1,default,0
31240,Re:Zero kara Hajimeru Isekai Seikatsu,TV,25,0,0,0000-00-00,0000-00-00,,0,,0.00,plan_to_watch,,0,,LOW,,0,0,1,default,0
30015,ReLIFE,TV,13,0,0,0000-00-00,0000-00-00,,0,,0.00,plan_to_watch,,0,,LOW,,0,0,1,default,0
32262,Renai Boukun,TV,12,0,0,0000-00-00,0000-00-00,,0,,0.00,plan_to_watch,,0,,LOW,,0,0,1,default,0
31716,Rewrite,TV,13,0,0,0000-00-00,0000-00-00,,0,,0.00,plan_to_watch,,0,,LOW,,0,0,1,default,0
38992,Rikei ga Koi ni Ochita no de Shoumei shitemita.,ONA,12,0,0,0000-00-00,0000-00-00,,0,,0.00,plan_to_watch,,0,,LOW,,0,0,1,default,0
36492,Road to You,ONA,3,0,0,0000-00-00,0000-00-00,,0,,0.00,plan_to_watch,,0,,LOW,,0,0,1,default,0
13599,Robotics;Notes,TV,22,0,0,0000-00-00,0000-00-00,,0,,0.00,plan_to_watch,,0,,LOW,,0,0,1,default,0
28497,Rokka no Yuusha,TV,12,0,0,0000-00-00,0000-00-00,,0,,0.00,plan_to_watch,,0,,LOW,,0,0,1,default,0
1699,Romeo x Juliet,TV,24,0,0,0000-00-00,0000-00-00,,0,,0.00,plan_to_watch,,0,,LOW,,0,0,1,default,0
45,Rurouni Kenshin: Meiji Kenkaku Romantan,TV,94,0,0,0000-00-00,0000-00-00,,0,,0.00,plan_to_watch,,0,,LOW,,0,0,1,default,0
21561,Ryuugajou Nanana no Maizoukin (TV),TV,11,0,0,0000-00-00,0000-00-00,,0,,0.00,plan_to_watch,,0,,LOW,,0,0,1,default,0
20709,Sabage-bu!,TV,12,0,0,0000-00-00,0000-00-00,,0,,0.00,plan_to_watch,,0,,LOW,,0,0,1,default,0
23277,Saenai Heroine no Sodatekata,TV,12,0,0,0000-00-00,0000-00-00,,0,,0.00,plan_to_watch,,0,,LOW,,0,0,1,default,0
33255,Saiki Kusuo no Ψ-nan,TV,120,0,0,0000-00-00,0000-00-00,,0,,0.00,plan_to_watch,,0,,LOW,,0,0,1,default,0
15775,Saint☆Oniisan,OVA,2,0,0,0000-00-00,0000-00-00,,0,,0.00,plan_to_watch,,0,,LOW,,0,0,1,default,0
15771,Saint☆Oniisan (Movie),Movie,1,0,0,0000-00-00,0000-00-00,,0,,0.00,plan_to_watch,,0,,LOW,,0,0,1,default,0
12531,Sakamichi no Apollon,TV,12,0,0,0000-00-00,0000-00-00,,0,,0.00,plan_to_watch,,0,,LOW,,0,0,1,default,0
32542,Sakamoto Desu ga?,TV,12,0,0,0000-00-00,0000-00-00,,0,,0.00,plan_to_watch,,0,,LOW,,0,0,1,default,0
12477,Sakasama no Patema,Movie,1,0,0,0000-00-00,0000-00-00,,0,,0.00,plan_to_watch,,0,,LOW,,0,0,1,default,0
34494,Sakura Quest,TV,25,0,0,0000-00-00,0000-00-00,,0,,0.00,plan_to_watch,,0,,LOW,,0,0,1,default,0
13759,Sakura-sou no Pet na Kanojo,TV,24,0,0,0000-00-00,0000-00-00,,0,,0.00,plan_to_watch,,0,,LOW,,0,0,1,default,0
30187,Sakurako-san no Ashimoto ni wa Shitai ga Umatteiru,TV,12,0,0,0000-00-00,0000-00-00,,0,,0.00,plan_to_watch,,0,,LOW,,0,0,1,default,0
166,Samurai 7,TV,26,0,0,0000-00-00,0000-00-00,,0,,0.00,plan_to_watch,,0,,LOW,,0,0,1,default,0
205,Samurai Champloo,TV,26,0,0,0000-00-00,0000-00-00,,0,,0.00,plan_to_watch,,0,,LOW,,0,0,1,default,0
35851,Sayonara no Asa ni Yakusoku no Hana wo Kazarou,Movie,1,0,0,0000-00-00,0000-00-00,,0,,0.00,plan_to_watch,,0,,LOW,,0,0,1,default,0
42798,Sayonara Watashi no Cramer Movie: First Touch,Movie,1,0,0,0000-00-00,0000-00-00,,0,,0.00,plan_to_watch,,0,,LOW,,0,0,1,default,0
2605,Sayonara Zetsubou Sensei,TV,12,0,0,0000-00-00,0000-00-00,,0,,0.00,plan_to_watch,,0,,LOW,,0,0,1,default,0
32032,Seikaisuru Kado,TV,12,0,0,0000-00-00,0000-00-00,,0,,0.00,plan_to_watch,,0,,LOW,,0,0,1,default,0
6974,Seikimatsu Occult Gakuin,TV,13,0,0,0000-00-00,0000-00-00,,0,,0.00,plan_to_watch,,0,,LOW,,0,0,1,default,0
1827,Seirei no Moribito,TV,26,0,0,0000-00-00,0000-00-00,,0,,0.00,plan_to_watch,,0,,LOW,,0,0,1,default,0
33836,Seiren,TV,12,0,0,0000-00-00,0000-00-00,,0,,0.00,plan_to_watch,,0,,LOW,,0,0,1,default,0
37450,Seishun Buta Yarou wa Bunny Girl Senpai no Yume wo Minai,TV,13,0,13,0000-00-00,0000-00-00,,9,,0.00,Completed,,1,,LOW,,1,0,1,default,0
38938,Seishun Buta Yarou wa Bunny Girl Senpai no Yume wo Minai Picture Drama,Special,5,0,5,0000-00-00,0000-00-00,,8,,0.00,Completed,,0,,LOW,,0,0,1,default,0
38329,Seishun Buta Yarou wa Yumemiru Shoujo no Yume wo Minai,Movie,1,0,1,0000-00-00,0000-00-00,,9,,0.00,Completed,,0,,LOW,,0,0,1,default,0
8675,Seitokai Yakuindomo,TV,13,0,0,0000-00-00,0000-00-00,,0,,0.00,plan_to_watch,,0,,LOW,,0,0,1,default,0
199,Sen to Chihiro no Kamikakushi,Movie,1,0,0,0000-00-00,0000-00-00,,0,,0.00,plan_to_watch,,0,,LOW,,0,0,1,default,0
38787,Senryuu Shoujo,TV,12,0,0,0000-00-00,0000-00-00,,0,,0.00,plan_to_watch,,0,,LOW,,0,0,1,default,0
339,Serial Experiments Lain,TV,13,0,0,0000-00-00,0000-00-00,,0,,0.00,plan_to_watch,,0,,LOW,,0,0,1,default,0
18119,Servant x Service,TV,13,0,0,0000-00-00,0000-00-00,,0,,0.00,plan_to_watch,,0,,LOW,,0,0,1,default,0
2104,Seto no Hanayome,TV,26,0,0,0000-00-00,0000-00-00,,0,,0.00,plan_to_watch,,0,,LOW,,0,0,1,default,0
42395,Shakunetsu Kabaddi,TV,0,0,0,0000-00-00,0000-00-00,,0,,0.00,plan_to_watch,,0,,LOW,,0,0,1,default,0
42205,Shaman King (2021),TV,0,0,0,0000-00-00,0000-00-00,,0,,0.00,plan_to_watch,,0,,LOW,,0,0,1,default,0
34240,Shelter,Music,1,0,1,0000-00-00,0000-00-00,,8,,0.00,Completed,,1,,LOW,,1,0,1,default,0
23273,Shigatsu wa Kimi no Uso,TV,22,0,22,0000-00-00,0000-00-00,,10,,0.00,Completed,,0,,LOW,,0,0,1,default,0
28069,Shigatsu wa Kimi no Uso: Moments,OVA,1,0,1,0000-00-00,0000-00-00,,8,,0.00,Completed,,0,,LOW,,0,0,1,default,0
37396,Shikioriori,Movie,3,0,0,0000-00-00,0000-00-00,,0,,0.00,plan_to_watch,,0,,LOW,,0,0,1,default,0
29786,Shimoneta to Iu Gainen ga Sonzai Shinai Taikutsu na Sekai,TV,12,0,0,0000-00-00,0000-00-00,,0,,0.00,plan_to_watch,,0,,LOW,,0,0,1,default,0
21843,Shingeki no Bahamut: Genesis,TV,12,0,0,0000-00-00,0000-00-00,,0,,0.00,plan_to_watch,,0,,LOW,,0,0,1,default,0
16498,Shingeki no Kyojin,TV,25,0,25,0000-00-00,0000-00-00,,10,,0.00,Completed,,0,,LOW,,0,0,1,default,0
169,Shingetsutan Tsukihime,TV,12,0,0,0000-00-00,0000-00-00,,0,,0.00,plan_to_watch,,0,,LOW,,0,0,1,default,0
2596,Shinreigari,TV,22,0,0,0000-00-00,0000-00-00,,0,,0.00,plan_to_watch,,0,,LOW,,0,0,1,default,0
13125,Shinsekai yori,TV,25,0,0,0000-00-00,0000-00-00,,0,,0.00,plan_to_watch,,0,,LOW,,0,0,1,default,0
25835,Shirobako,TV,24,0,0,0000-00-00,0000-00-00,,0,,0.00,plan_to_watch,,0,,LOW,,0,0,1,default,0
12815,Shirokuma Cafe,TV,50,0,0,0000-00-00,0000-00-00,,0,,0.00,plan_to_watch,,0,,LOW,,0,0,1,default,0
28171,Shokugeki no Souma,TV,24,0,0,0000-00-00,0000-00-00,,0,,0.00,plan_to_watch,,0,,LOW,,0,0,1,default,0
35838,Shoujo Shuumatsu Ryokou,TV,12,0,0,0000-00-00,0000-00-00,,0,,0.00,plan_to_watch,,0,,LOW,,0,0,1,default,0
35503,Shoujo☆Kageki Revue Starlight,TV,12,0,0,0000-00-00,0000-00-00,,0,,0.00,plan_to_watch,,0,,LOW,,0,0,1,default,0
28735,Shouwa Genroku Rakugo Shinjuu,TV,13,0,13,0000-00-00,0000-00-00,,10,,0.00,Completed,,0,,LOW,,0,0,1,default,0
33095,Shouwa Genroku Rakugo Shinjuu: Sukeroku Futatabi-hen,TV,12,0,12,0000-00-00,0000-00-00,,10,,0.00,Completed,,0,,LOW,,0,0,1,default,0
33502,Shuumatsu Nani Shitemasu ka? Isogashii Desu ka? Sukutte Moratte Ii Desu ka?,TV,12,0,0,0000-00-00,0000-00-00,,0,,0.00,plan_to_watch,,0,,LOW,,0,0,1,default,0
37569,Sirius,TV,12,0,0,0000-00-00,0000-00-00,,0,,0.00,plan_to_watch,,0,,LOW,,0,0,1,default,0
42923,SK∞,TV,0,0,0,0000-00-00,0000-00-00,,0,,0.00,plan_to_watch,,0,,LOW,,0,0,1,default,0
170,Slam Dunk,TV,101,0,0,0000-00-00,0000-00-00,,0,,0.00,plan_to_watch,,0,,LOW,,0,0,1,default,0
39575,Somali to Mori no Kamisama,TV,12,0,12,0000-00-00,0000-00-00,,9,,0.00,Completed,,0,,LOW,,0,0,1,default,0
39569,Sora no Aosa wo Shiru Hito yo,Movie,1,0,0,0000-00-00,0000-00-00,,0,,0.00,plan_to_watch,,0,,LOW,,0,0,1,default,0
35839,Sora yori mo Tooi Basho,TV,13,0,0,0000-00-00,0000-00-00,,0,,0.00,plan_to_watch,,0,,LOW,,0,0,1,default,0
3588,Soul Eater,TV,51,0,0,0000-00-00,0000-00-00,,0,,0.00,plan_to_watch,,0,,LOW,,0,0,1,default,0
35847,SSSS.Gridman,TV,12,0,0,0000-00-00,0000-00-00,,0,,0.00,plan_to_watch,,0,,LOW,,0,0,1,default,0
9253,Steins;Gate,TV,24,0,24,0000-00-00,0000-00-00,,10,,0.00,Completed,,0,,LOW,,0,0,1,default,0
30484,Steins;Gate 0,TV,23,0,23,0000-00-00,0000-00-00,,9,,0.00,Completed,,0,,LOW,,0,0,1,default,0
37492,Steins;Gate 0: Kesshou Takei no Valentine - Bittersweet Intermedio,Special,1,0,1,0000-00-00,0000-00-00,,8,,0.00,Completed,,0,,LOW,,0,0,1,default,0
11577,Steins;Gate Movie: Fuka Ryouiki no Déjà vu,Movie,1,0,1,0000-00-00,0000-00-00,,9,,0.00,Completed,,0,,LOW,,0,0,1,default,0
32188,Steins;Gate: Kyoukaimenjou no Missing Link - Divide By Zero,Special,1,0,1,0000-00-00,0000-00-00,,9,,0.00,Completed,,0,,LOW,,0,0,1,default,0
10863,Steins;Gate: Oukoubakko no Poriomania,Special,1,0,1,0000-00-00,0000-00-00,,9,,0.00,Completed,,0,,LOW,,0,0,1,default,0
27957,Steins;Gate: Soumei Eichi no Cognitive Computing,ONA,4,0,4,0000-00-00,0000-00-00,,8,,0.00,Completed,,0,,LOW,,0,0,1,default,0
2418,Stranger: Mukou Hadan,Movie,1,0,0,0000-00-00,0000-00-00,,0,,0.00,plan_to_watch,,0,,LOW,,0,0,1,default,0
18277,Strike the Blood,TV,24,0,0,0000-00-00,0000-00-00,,0,,0.00,plan_to_watch,,0,,LOW,,0,0,1,default,0
3667,Strike Witches,TV,12,0,0,0000-00-00,0000-00-00,,0,,0.00,plan_to_watch,,0,,LOW,,0,0,1,default,0
16524,Suisei no Gargantia,TV,13,0,0,0000-00-00,0000-00-00,,0,,0.00,plan_to_watch,,0,,LOW,,0,0,1,default,0
33036,Suki ni Naru Sono Shunkan wo.: Kokuhaku Jikkou Iinkai,Movie,1,0,0,0000-00-00,0000-00-00,,0,,0.00,plan_to_watch,,0,,LOW,,0,0,1,default,0
14289,Sukitte Ii na yo.,TV,13,0,0,0000-00-00,0000-00-00,,0,,0.00,plan_to_watch,,0,,LOW,,0,0,1,default,0
5681,Summer Wars,Movie,1,0,0,0000-00-00,0000-00-00,,0,,0.00,plan_to_watch,,0,,LOW,,0,0,1,default,0
25,Sunabouzu,TV,24,0,0,0000-00-00,0000-00-00,,0,,0.00,plan_to_watch,,0,,LOW,,0,0,1,default,0
36817,Sunohara-sou no Kanrinin-san,TV,12,0,0,0000-00-00,0000-00-00,,0,,0.00,plan_to_watch,,0,,LOW,,0,0,1,default,0
849,Suzumiya Haruhi no Yuuutsu,TV,14,0,0,0000-00-00,0000-00-00,,0,,0.00,plan_to_watch,,0,,LOW,,0,0,1,default,0
3574,Switch,OVA,2,0,0,0000-00-00,0000-00-00,,0,,0.00,plan_to_watch,,0,,LOW,,0,0,1,default,0
36470,Tada-kun wa Koi wo Shinai,TV,13,0,0,0000-00-00,0000-00-00,,0,,0.00,plan_to_watch,,0,,LOW,,0,0,1,default,0
30585,Taifuu no Noruda,Movie,1,0,0,0000-00-00,0000-00-00,,0,,0.00,plan_to_watch,,0,,LOW,,0,0,1,default,0
24133,Taimadou Gakuen 35 Shiken Shoutai,TV,12,0,0,0000-00-00,0000-00-00,,0,,0.00,plan_to_watch,,0,,LOW,,0,0,1,default,0
42668,Taisou Zamurai,TV,0,0,0,0000-00-00,0000-00-00,,9,,0.00,Watching,,0,,LOW,,0,0,1,default,0
21647,Tamako Love Story,Movie,1,0,0,0000-00-00,0000-00-00,,0,,0.00,plan_to_watch,,0,,LOW,,0,0,1,default,0
16417,Tamako Market,TV,12,0,0,0000-00-00,0000-00-00,,0,,0.00,plan_to_watch,,0,,LOW,,0,0,1,default,0
32093,Tanaka-kun wa Itsumo Kedaruge,TV,12,0,0,0000-00-00,0000-00-00,,0,,0.00,plan_to_watch,,0,,LOW,,0,0,1,default,0
13333,Tari Tari,TV,13,0,0,0000-00-00,0000-00-00,,0,,0.00,plan_to_watch,,0,,LOW,,0,0,1,default,0
2001,Tengen Toppa Gurren Lagann,TV,27,0,0,0000-00-00,0000-00-00,,0,,0.00,plan_to_watch,,0,,LOW,,0,0,1,default,0
38826,Tenki no Ko,Movie,1,0,1,0000-00-00,0000-00-00,,9,,0.00,Completed,,0,,LOW,,0,0,1,default,0
37430,Tensei shitara Slime Datta Ken,TV,24,0,0,0000-00-00,0000-00-00,,0,,0.00,plan_to_watch,,0,,LOW,,0,0,1,default,0
22687,Terra Formars,TV,13,0,0,0000-00-00,0000-00-00,,0,,0.00,plan_to_watch,,0,,LOW,,0,0,1,default,0
3974,Tetsuwan Birdy Decode,TV,13,0,0,0000-00-00,0000-00-00,,0,,0.00,plan_to_watch,,0,,LOW,,0,0,1,default,0
41353,The God of High School,TV,13,0,13,0000-00-00,0000-00-00,,7,,0.00,Completed,,0,,LOW,,0,0,1,default,0
16870,The Last: Naruto the Movie,Movie,1,0,1,0000-00-00,0000-00-00,,8,,0.00,Completed,,0,,LOW,,0,0,1,default,0
9941,Tiger & Bunny,TV,25,0,0,0000-00-00,0000-00-00,,0,,0.00,plan_to_watch,,0,,LOW,,0,0,1,default,0
9000,Toaru Hikuushi e no Tsuioku,Movie,1,0,1,0000-00-00,0000-00-00,,0,,0.00,plan_to_watch,,0,,LOW,,0,0,1,default,0
38480,Toaru Kagaku no Accelerator,TV,12,0,0,0000-00-00,0000-00-00,,0,,0.00,plan_to_watch,,0,,LOW,,0,0,1,default,0
6213,Toaru Kagaku no Railgun,TV,24,0,0,0000-00-00,0000-00-00,,0,,0.00,plan_to_watch,,0,,LOW,,0,0,1,default,0
4654,Toaru Majutsu no Index,TV,24,0,0,0000-00-00,0000-00-00,,0,,0.00,plan_to_watch,,0,,LOW,,0,0,1,default,0
2236,Toki wo Kakeru Shoujo,Movie,1,0,0,0000-00-00,0000-00-00,,0,,0.00,plan_to_watch,,0,,LOW,,0,0,1,default,0
41132,Tokyo Autumn Session,Music,1,0,1,0000-00-00,0000-00-00,,7,,0.00,Completed,,0,,LOW,,0,0,1,default,0
6211,Tokyo Magnitude 8.0,TV,11,0,0,0000-00-00,0000-00-00,,0,,0.00,plan_to_watch,,0,,LOW,,0,0,1,default,0
42249,Tokyo Revengers,TV,0,0,0,0000-00-00,0000-00-00,,0,,0.00,plan_to_watch,,0,,LOW,,0,0,1,default,0
14227,Tonari no Kaibutsu-kun,TV,13,0,0,0000-00-00,0000-00-00,,0,,0.00,plan_to_watch,,0,,LOW,,0,0,1,default,0
41389,Tonikaku Kawaii,TV,0,0,0,0000-00-00,0000-00-00,,7,,0.00,Watching,,0,,LOW,,0,0,1,default,0
4224,Toradora!,TV,25,0,0,0000-00-00,0000-00-00,,0,,0.00,plan_to_watch,,0,,LOW,,0,0,1,default,0
33023,Touken Ranbu: Hanamaru,TV,12,0,0,0000-00-00,0000-00-00,,0,,0.00,plan_to_watch,,0,,LOW,,0,0,1,default,0
6,Trigun,TV,26,0,0,0000-00-00,0000-00-00,,0,,0.00,plan_to_watch,,0,,LOW,,0,0,1,default,0
25157,Trinity Seven,TV,12,0,0,0000-00-00,0000-00-00,,0,,0.00,plan_to_watch,,0,,LOW,,0,0,1,default,0
2129,True Tears,TV,13,0,0,0000-00-00,0000-00-00,,0,,0.00,plan_to_watch,,0,,LOW,,0,0,1,default,0
34822,Tsuki ga Kirei,TV,12,0,0,0000-00-00,0000-00-00,,0,,0.00,plan_to_watch,,0,,LOW,,0,0,1,default,0
34902,Tsurezure Children,TV,12,0,0,0000-00-00,0000-00-00,,0,,0.00,plan_to_watch,,0,,LOW,,0,0,1,default,0
36653,Tsurune: Kazemai Koukou Kyuudoubu,TV,13,0,0,0000-00-00,0000-00-00,,0,,0.00,plan_to_watch,,0,,LOW,,0,0,1,default,0
36125,Uchiage Hanabi,Music,1,0,0,0000-00-00,0000-00-00,,0,,0.00,plan_to_watch,,0,,LOW,,0,0,1,default,0
34498,"Uchiage Hanabi, Shita kara Miru ka? Yoko kara Miru ka?",Movie,1,0,0,0000-00-00,0000-00-00,,0,,0.00,plan_to_watch,,0,,LOW,,0,0,1,default,0
17909,Uchouten Kazoku,TV,13,0,0,0000-00-00,0000-00-00,,0,,0.00,plan_to_watch,,0,,LOW,,0,0,1,default,0
12431,Uchuu Kyoudai,TV,99,0,0,0000-00-00,0000-00-00,,0,,0.00,plan_to_watch,,0,,LOW,,0,0,1,default,0
32673,Udon no Kuni no Kiniro Kemari,TV,12,0,0,0000-00-00,0000-00-00,,0,,0.00,plan_to_watch,,0,,LOW,,0,0,1,default,0
35249,Uma Musume: Pretty Derby (TV),TV,13,0,0,0000-00-00,0000-00-00,,0,,0.00,plan_to_watch,,0,,LOW,,0,0,1,default,0
10162,Usagi Drop,TV,11,0,0,0000-00-00,0000-00-00,,0,,0.00,plan_to_watch,,0,,LOW,,0,0,1,default,0
41226,Uzaki-chan wa Asobitai!,TV,12,0,0,0000-00-00,0000-00-00,,0,,0.00,plan_to_watch,,0,,LOW,,0,0,1,default,0
37521,Vinland Saga,TV,24,0,24,0000-00-00,0000-00-00,,9,,0.00,Completed,,0,,LOW,,0,0,1,default,0
33352,Violet Evergarden,TV,13,0,13,0000-00-00,0000-00-00,,9,,0.00,Completed,,0,,LOW,,0,0,1,default,0
39741,Violet Evergarden Gaiden: Eien to Jidou Shuki Ningyou,Movie,1,0,1,0000-00-00,0000-00-00,,9,,0.00,Completed,,0,,LOW,,0,0,1,default,0
37987,Violet Evergarden Movie,Movie,1,0,0,0000-00-00,0000-00-00,,0,,0.00,plan_to_watch,,0,,LOW,,0,0,1,default,0
37095,"Violet Evergarden: Kitto ""Ai"" wo Shiru Hi ga Kuru no Darou",Special,1,0,1,0000-00-00,0000-00-00,,9,,0.00,Completed,,0,,LOW,,0,0,1,default,0
19023,"Wake Up, Girls!",TV,12,0,0,0000-00-00,0000-00-00,,0,,0.00,plan_to_watch,,0,,LOW,,0,0,1,default,0
21189,"Wake Up, Girls! Shichinin no Idol",Movie,1,0,0,0000-00-00,0000-00-00,,0,,0.00,plan_to_watch,,0,,LOW,,0,0,1,default,0
16742,Watashi ga Motenai no wa Dou Kangaetemo Omaera ga Warui!,TV,12,0,0,0000-00-00,0000-00-00,,0,,0.00,plan_to_watch,,0,,LOW,,0,0,1,default,0
32899,Watashi ga Motete Dousunda,TV,12,0,0,0000-00-00,0000-00-00,,0,,0.00,plan_to_watch,,0,,LOW,,0,0,1,default,0
18245,White Album 2,TV,13,0,0,0000-00-00,0000-00-00,,0,,0.00,plan_to_watch,,0,,LOW,,0,0,1,default,0
202,Wolf's Rain,TV,26,0,0,0000-00-00,0000-00-00,,0,,0.00,plan_to_watch,,0,,LOW,,0,0,1,default,0
6956,Working!!,TV,13,0,0,0000-00-00,0000-00-00,,0,,0.00,plan_to_watch,,0,,LOW,,0,0,1,default,0
24405,World Trigger,TV,73,0,0,0000-00-00,0000-00-00,,0,,0.00,plan_to_watch,,0,,LOW,,0,0,1,default,0
35968,Wotaku ni Koi wa Muzukashii,TV,11,0,0,0000-00-00,0000-00-00,,0,,0.00,plan_to_watch,,0,,LOW,,0,0,1,default,0
37786,Yagate Kimi ni Naru,TV,13,0,0,0000-00-00,0000-00-00,,0,,0.00,plan_to_watch,,0,,LOW,,0,0,1,default,0
14813,Yahari Ore no Seishun Love Comedy wa Machigatteiru.,TV,13,0,0,0000-00-00,0000-00-00,,0,,0.00,On-Hold,,0,,LOW,,0,0,1,default,0
37779,Yakusoku no Neverland,TV,12,0,12,0000-00-00,0000-00-00,,10,,0.00,Completed,,0,,LOW,,0,0,1,default,0
28677,Yamada-kun to 7-nin no Majo (TV),TV,12,0,0,0000-00-00,0000-00-00,,0,,0.00,plan_to_watch,,0,,LOW,,0,0,1,default,0
19383,Yami Shibai,TV,13,0,0,0000-00-00,0000-00-00,,0,,0.00,plan_to_watch,,0,,LOW,,0,0,1,default,0
39710,Yesterday wo Utatte,TV,12,0,12,0000-00-00,0000-00-00,,8,,0.00,Completed,,0,,LOW,,0,0,1,default,0
41660,Yesterday wo Utatte: Haishin-ban Episode,ONA,6,0,6,0000-00-00,0000-00-00,,8,,0.00,Completed,,0,,LOW,,0,0,1,default,0
32615,Youjo Senki,TV,12,0,0,0000-00-00,0000-00-00,,0,,0.00,plan_to_watch,,0,,LOW,,0,0,1,default,0
35507,Youkoso Jitsuryoku Shijou Shugi no Kyoushitsu e (TV),TV,12,0,12,0000-00-00,0000-00-00,,7,,0.00,Completed,,0,,LOW,,0,0,1,default,0
18179,Yowamushi Pedal,TV,38,0,0,0000-00-00,0000-00-00,,0,,0.00,plan_to_watch,,0,,LOW,,0,0,1,default,0
4548,Yozakura Quartet,TV,12,0,0,0000-00-00,0000-00-00,,0,,0.00,plan_to_watch,,0,,LOW,,0,0,1,default,0
35932,Yume ga Sameru made,ONA,1,0,0,0000-00-00,0000-00-00,,0,,0.00,plan_to_watch,,0,,LOW,,0,0,1,default,0
32995,Yuri!!! on Ice,TV,12,0,0,0000-00-00,0000-00-00,,0,,0.00,plan_to_watch,,0,,LOW,,0,0,1,default,0
34798,Yuru Camp△,TV,12,0,0,0000-00-00,0000-00-00,,0,,0.00,plan_to_watch,,0,,LOW,,0,0,1,default,0
392,Yuu☆Yuu☆Hakusho,TV,112,0,0,0000-00-00,0000-00-00,,0,,0.00,plan_to_watch,,0,,LOW,,0,0,1,default,0
40911,Yuukoku no Moriarty,TV,12,0,0,0000-00-00,0000-00-00,,9,,0.00,Watching,,0,,LOW,,0,0,1,default,0
23283,Zankyou no Terror,TV,11,0,0,0000-00-00,0000-00-00,,0,,0.00,plan_to_watch,,0,,LOW,,0,0,1,default,0
34863,Zoku Touken Ranbu: Hanamaru,TV,12,0,0,0000-00-00,0000-00-00,,0,,0.00,plan_to_watch,,0,,LOW,,0,0,1,default,0
37976,Zombieland Saga,TV,12,0,0,0000-00-00,0000-00-00,,0,,0.00,plan_to_watch,,0,,LOW,,0,0,1,default,0
37207,Zuori Qing Kong,Movie,1,0,0,0000-00-00,0000-00-00,,0,,0.00,plan_to_watch,,0,,LOW,,0,0,1,default,0
31245,Zutto Mae kara Suki deshita.: Kokuhaku Jikkou Iinkai,Movie,1,0,0,0000-00-00,0000-00-00,,0,,0.00,plan_to_watch,,0,,LOW,,0,0,1,default,0
